mega_time_ms,esp_time_ms,servo1_us,servo2_us,esp_ax,esp_ay,esp_az,esp_gx,esp_gy,esp_gz,gy87_ax,gy87_ay,gy87_az,gy87_gx,gy87_gy,gy87_gz,Touch
1504,1541,1508,1509,-13144,-3844,7812,-492,-282,-36,4764,912,-17456,-232,24,-183,0
1523,1561,1515,1517,-12620,-4880,7800,-403,-127,11,4772,892,-17392,-374,196,-157,0
1544,1581,1523,1526,-8884,-4876,6152,-137,359,292,4660,1016,-16728,-594,57,391,0
1563,1601,1530,1534,-14032,-3460,8224,-122,390,127,5204,1536,-15336,81,-2111,39,0
1584,1621,1538,1542,-3624,-2668,10096,-937,2010,1835,4220,552,-17092,-389,-1098,2805,0
1603,1641,1545,1550,4356,-336,10244,-799,6938,1209,4548,1148,-17756,269,1513,3909,0
1624,1661,1553,1559,-13952,-4832,12352,-2447,5763,1169,4352,1276,-17880,983,2305,1771,0
1644,1681,1560,1567,-18304,-572,10204,-1517,12083,2497,5724,-400,-15024,464,-438,4404,0
1664,1701,1567,1574,-32768,-9768,-1232,-524,6066,-2105,4296,3196,-15828,-926,556,-1949,0
1684,1721,1575,1582,-32768,-7736,6280,-382,-3715,2420,4996,256,-18632,2954,-763,-1540,0
1703,1741,1582,1589,-2884,-4056,9620,774,-4831,450,5260,-2036,-16756,-1456,-268,927,0
1723,1761,1589,1596,7832,1836,10056,875,1712,541,4648,2060,-17828,-1275,2379,4035,0
1743,1781,1596,1603,15820,972,11168,-954,7872,2935,4684,404,-18644,1379,2104,4323,0
1764,1801,1603,1610,-7020,2036,7272,-1703,14697,932,3512,1372,-15228,-1573,861,-2596,0
1783,1821,1610,1616,-8464,11100,-7564,-5102,17543,4882,-100,1840,-3008,-4193,-4018,1549,0
1804,1841,1617,1622,-32768,3008,-6568,-8825,9349,-4950,4908,3272,-17788,-593,1373,-6965,0
1823,1861,1624,1628,-32768,7732,-2272,-13122,-3547,-51,4544,560,-16856,3715,-1669,6941,0
1844,1881,1631,1634,-14712,-12728,-712,-13233,-8649,-682,5004,-184,-16488,1094,640,2004,0
1864,1901,1638,1639,18028,-11244,3680,-12201,-3216,-410,3868,-760,-19908,405,135,5841,0
1884,1921,1645,1644,3656,-16664,5032,-7489,4196,301,64,2632,-16652,-1286,-745,8663,0
1903,1941,1651,1648,-6012,-31200,-896,-2043,7072,1746,-128,4828,-12884,-2631,-3656,-10567,0
1924,1961,1658,1652,-10180,-18312,2424,2438,8382,5410,2412,2232,-14384,-255,-2749,-436,0
1943,1981,1664,1656,-22032,12260,4604,1812,8313,875,4080,-1184,-20380,-2569,-1316,-2846,0
1964,2001,1670,1659,-32768,9584,-4360,2,3086,-2023,5368,5388,-16676,-673,-31,4590,0
1984,2021,1676,1662,-32768,4960,-456,-6644,-2444,2943,5596,-1604,-16968,3014,110,-4253,0
2003,2041,1682,1664,-6556,248,4332,-9080,-4917,-4054,4848,2384,-15992,-1017,2259,4359,0
2023,2061,1688,1666,1756,-13980,3004,-7028,628,1526,3312,1436,-17764,-1378,-671,3788,0
2043,2081,1694,1668,-10248,-22984,4508,-2726,2885,52,-1036,4588,-11308,-3586,-3775,837,0
2063,2101,1700,1669,-10304,-5820,4348,-33,5443,4191,3456,-1376,-20008,2339,-5261,1292,0
2083,2121,1705,1670,-15036,7256,996,-2740,5630,1583,5664,-3528,-16460,-132,-709,-1224,0
2104,2141,1711,1670,-15924,21552,-3028,-8843,4697,1572,4800,-1920,-9932,2522,-4473,3913,0
2123,2161,1716,1670,-32768,10080,304,-14862,1992,-3125,3212,-1340,-15804,816,1566,6435,0
2144,2181,1721,1669,-23664,-14856,272,-13696,-1769,-2348,4376,-284,-18096,2434,1596,4119,0
2164,2201,1726,1668,-14460,-32768,-3776,-6791,-2650,1796,4940,1020,-16712,1956,468,1600,0
2184,2221,1731,1667,-6716,-32768,484,1201,-2371,1044,3196,-1820,-15972,-879,414,-171,0
2203,2241,1736,1665,-9364,-7740,4156,6440,647,1638,3700,1468,-16572,-4843,-405,-5300,0
2224,2261,1740,1663,-16916,7416,3624,5547,896,-1385,5004,-3176,-15520,-3354,67,-2337,0
2243,2281,1745,1660,-19132,13544,2688,1587,501,743,4576,-784,-13752,-263,-1100,-2511,0
2264,2301,1749,1657,-22680,16940,3448,-4225,-1365,-1343,4600,428,-16300,220,-881,1723,0
2284,2321,1753,1654,-13392,9884,-740,-9753,-1453,-1118,3588,-880,-17320,2224,-942,4796,0
2304,2341,1757,1650,-8448,-14064,-3156,-9200,-163,-3311,3780,-428,-16840,361,203,1236,0
2324,2361,1761,1646,-21388,-30796,-1776,-4547,-1988,-2741,3036,-1096,-13708,-120,-667,-3397,0
2343,2381,1765,1641,-28928,-28996,2416,2500,-4142,-2060,3672,36,-12736,-3633,-248,-1034,0
2364,2401,1768,1636,-21624,-8344,3116,5987,-7780,-1241,4508,444,-14340,-2076,-1606,-2284,0
2383,2421,1771,1631,-7248,15704,6780,2262,-7317,-571,4760,1304,-18368,-617,-888,2519,0
2404,2441,1775,1625,6492,10044,2132,-237,-1308,-1042,3548,-1848,-18172,-321,872,-2726,0
2423,2461,1778,1619,-15280,-3292,6632,-3595,524,-3644,8400,432,-20760,-2500,1457,-4409,0
2444,2481,1780,1613,-30236,-7296,6164,-3674,-1317,-1920,3284,744,-17148,-572,1836,985,0
2463,2501,1783,1607,-28900,-4828,672,-3598,-4002,-1376,4616,-80,-19380,-221,29,2923,0
2484,2521,1785,1600,-14740,4100,-1500,-6342,-7076,-4093,300,-1472,-23852,729,1677,-8198,0
2503,2541,1788,1593,-4116,-7468,6048,-7293,-6164,-1663,3764,-28,-15536,-386,-678,-114,0
2524,2561,1790,1586,1060,-26104,-744,-4675,-1567,-1739,3396,80,-16608,-640,1239,-523,0
2543,2581,1791,1578,-15756,-18560,2644,-1082,498,-3253,3152,-2444,-17972,-2823,1521,-4757,0
2564,2601,1793,1570,-31596,-7828,6548,2303,-2089,-1480,3696,2296,-19352,-729,-198,3258,0
2583,2621,1795,1563,-28668,1440,5048,2879,-6070,-1269,3936,-72,-18468,-205,-178,-2479,0
2604,2641,1796,1555,-11184,2800,4576,658,-7451,-1705,3936,-312,-18404,-1410,1773,-1316,0
2623,2661,1797,1546,2664,-3696,716,-1334,-4676,-2897,4248,-324,-15556,-995,865,-1586,0
2643,2681,1798,1538,-1916,-9452,5396,-1623,-816,-2023,4732,416,-18436,-1326,911,-1888,0
2663,2701,1799,1530,-24916,864,4816,-2374,559,-3534,3960,-488,-17708,-1801,-1657,-2156,0
2683,2721,1799,1521,-29832,11996,4104,-6637,-3479,-3170,4304,-716,-21304,610,-1916,930,0
2704,2741,1800,1513,-18288,-4412,3992,-7911,-6858,-4108,4120,-140,-14948,-485,471,3239,0
2723,2761,1800,1504,-3268,-28328,-984,-4684,-4766,-1752,3692,328,-17288,-119,1578,-3278,0
2744,2781,1800,1496,-7780,-25568,5480,-117,-3132,-3905,3952,-2304,-17412,-2470,1135,-2605,0
2763,2801,1800,1487,-13932,-12944,4396,4094,-1833,-3009,4376,2928,-16132,-651,-1103,-982,0
2784,2821,1799,1479,-24172,-876,2360,4125,-3760,-4603,4276,-508,-15168,-1398,-63,-3273,0
2803,2841,1799,1470,-14296,4624,2608,1307,-5340,-2237,3992,1252,-15912,165,256,148,0
2824,2861,1798,1462,-11512,-2932,4132,-1075,-6156,-6157,4732,-720,-14568,-1851,2280,-3318,0
2843,2881,1797,1454,-7500,-9520,8660,-1999,-5725,-3323,4108,1012,-18140,-2181,447,-4109,0
2864,2901,1796,1445,-11280,-15636,1152,754,-3439,-5983,3492,736,-19076,-1562,329,918,0
2883,2921,1795,1437,-14520,-9764,5848,1687,-5203,-2592,4356,2096,-16872,1060,-796,-3748,0
2904,2941,1793,1430,-13056,-6016,3836,1851,-5616,-4500,4740,-92,-17788,-1075,2042,-719,0
2923,2961,1791,1422,-5748,-1624,4188,226,-4180,-2845,4600,996,-19248,30,910,-2805,0
2944,2981,1790,1414,-4792,-6852,5464,-796,-2935,-3600,4376,1048,-18192,-626,615,-4363,0
2963,3001,1788,1407,-5400,-11996,6108,-846,-1139,-1098,4572,196,-17816,-782,1200,62,0
2983,3021,1785,1400,-15468,-13576,5664,465,-1106,-3238,4176,960,-17632,-1109,191,-3095,0
3003,3041,1783,1393,-21148,-8252,5540,741,-2576,-1457,4556,600,-17848,-523,1017,1472,0
3023,3061,1780,1387,-19724,-5332,5536,683,-5515,-4093,5164,1156,-18556,1629,-1463,-4864,0
3043,3081,1778,1381,-5428,-7496,4420,-122,-5755,-1610,4072,-92,-16284,-366,952,-1531,0
3063,3101,1775,1375,3284,-9168,6336,-54,-3143,-2889,4468,552,-16860,-1167,897,-3801,0
3084,3121,1771,1369,-4368,-10996,7240,-142,-789,-2039,4724,1304,-17416,-985,817,-97,0
3103,3141,1768,1364,-21460,-9160,9376,15,-869,-2996,4596,532,-18188,-1826,-143,-3203,0
3124,3161,1765,1359,-23824,-5580,9608,-72,-3170,-1048,4112,2564,-18100,-394,644,1777,0
3143,3181,1761,1354,-15572,-9112,5092,-610,-7827,-2284,4080,976,-18712,-2341,961,-3087,0
3164,3201,1757,1350,-5572,-10580,5488,310,-4674,-2234,4696,1852,-19148,-446,1287,-1231,0
3183,3221,1753,1346,-1332,-9364,5992,391,-2903,-3067,4168,1516,-16884,-374,20,-163,0
3204,3241,1749,1343,-4440,-7604,9184,146,-520,-1538,4912,1632,-17424,-862,409,-1442,0
3223,3261,1745,1340,-16328,-7192,6412,142,84,-3581,4320,248,-18728,-930,338,-37,0
3244,3281,1740,1337,-21252,-10396,6208,-512,-3728,-1711,4528,1080,-17028,-862,839,-207,0
3263,3301,1736,1335,-9692,-8312,10240,407,-4089,-1215,4596,704,-17264,-149,-14,-88,0
3283,3321,1731,1333,1564,-10120,8728,612,-3142,-1019,4744,1500,-17312,78,348,-24,0
3303,3341,1726,1332,-1620,-6456,9152,-18,163,-975,4512,1164,-17756,-935,570,-295,0
3323,3361,1721,1331,-11336,-5920,8108,-716,1265,-767,4268,1716,-17844,-367,857,-709,0
3343,3381,1716,1330,-17100,-9508,7472,-913,-360,-240,5332,-608,-17832,428,642,-313,0
3363,3401,1711,1330,-11496,-12496,7888,-444,-1612,65,4140,3784,-18264,-445,-1189,-6318,0
3383,3421,1705,1330,-4064,-11168,8404,241,-697,262,5516,-248,-16788,-160,1388,5737,0
3403,3441,1700,1331,-6040,-7056,8900,113,891,285,4020,2884,-14600,-703,51,-4200,0
3423,3461,1694,1332,-13380,-5452,8332,-567,1056,-133,4600,568,-17692,-616,187,-198,0
3443,3481,1688,1334,-16356,-8504,7716,-1052,-412,-74,4044,2032,-17524,-315,649,-903,0
3463,3501,1682,1336,-8708,-20476,8492,2163,-1047,766,4256,2164,-16072,-297,356,-1298,0
3483,3521,1676,1338,-7760,-28272,7160,6535,-423,910,4432,1112,-16136,-473,88,-2153,0
3503,3541,1670,1341,-6228,-12348,7348,9306,589,1323,5036,884,-16600,-112,-1211,1376,0
3523,3561,1664,1344,-13512,8772,9816,6416,211,155,4120,1536,-17704,-642,-304,978,0
3543,3581,1658,1348,-8516,9636,11056,3149,439,350,5168,2832,-16612,-150,-601,412,0
3563,3601,1651,1352,-10560,-1248,9152,-924,-96,-449,4004,744,-16300,-652,913,-3910,0
3584,3621,1645,1356,-6788,-12552,8920,-277,-144,216,5112,1304,-18480,-970,316,-2783,0
3603,3641,1638,1361,-8356,-27980,9260,4401,354,2320,4640,2880,-16108,-217,-586,-1679,0
3623,3661,1631,1366,-9812,-17432,7564,7098,1658,1910,4968,-376,-17684,537,-811,-589,0
3643,3681,1624,1372,-7440,7012,8616,4857,1524,1880,4228,1988,-18908,-485,-170,5828,0
3662,3701,1617,1378,-8028,4184,7000,1945,1653,489,4848,2420,-17460,-444,-55,-4187,0
3683,3721,1610,1384,-7948,-9912,9880,621,1915,2234,3912,1080,-15820,288,436,-190,0
3703,3741,1603,1390,-12920,-25004,11384,4780,1684,2855,5016,1700,-18160,-512,13,-1128,0
3723,3761,1596,1397,-7336,-25636,7344,10145,2955,3700,4552,1156,-15800,237,-2297,2459,0
3743,3781,1589,1404,-7736,3372,11900,10189,4115,3874,5228,552,-20916,1597,-985,1666,0
3763,3801,1582,1411,-3192,15232,9232,5234,5929,1154,4780,92,-18192,-791,-503,4953,0
3783,3821,1575,1418,-8212,16252,8324,-651,7828,2759,4180,3312,-17124,-429,-618,-2069,0
3803,3841,1567,1426,-9600,5780,6176,-5630,7800,3260,4312,-340,-18828,-242,-73,1655,0
3823,3861,1560,1433,-24088,-14976,3300,-4675,7993,-1393,4452,1904,-16892,-1591,2447,-5814,0
3843,3881,1553,1441,-32768,-32768,7420,-20,78,-86,4228,1672,-15728,-279,260,-1673,0
3863,3901,1545,1450,-13128,-32768,7612,10119,-4876,5154,3608,3436,-16972,2097,-1222,3391,0
3884,3921,1538,1458,-760,-14424,8184,17537,-2284,1072,4972,-1632,-18448,-538,-2082,-828,0
3903,3941,1530,1466,2748,9468,6580,14593,3009,542,4272,520,-17608,-972,-547,-2,0
3923,3961,1523,1474,19360,21676,3380,10842,9359,7460,4048,1296,-14248,1325,-1421,6555,0
3943,3981,1515,1483,-1664,12540,4996,706,11568,4336,4284,-912,-17680,-1493,2677,-2912,0
3963,4001,1508,1491,-11032,20156,9224,-5221,14255,1935,4032,-392,-16768,39,535,3839,0
3983,4021,1500,1500,-32768,-648,3332,-6083,12945,-935,4408,3044,-18440,-1312,1478,-3555,0
4003,4041,1492,1509,-32768,-28520,1676,-4217,-1856,-2425,2732,596,-13052,2193,-344,-876,0
4024,4061,1485,1517,-24452,-32768,10128,6008,-10923,5358,4864,3016,-16376,4206,-1402,10669,0
4043,4081,1477,1526,12304,-30464,7532,14534,-6593,1136,4676,-2856,-16296,-1725,-2750,-10126,0
4063,4101,1470,1534,18064,2468,8064,14438,3634,1486,4736,-960,-16528,-416,276,3493,0
4083,4121,1462,1542,7776,24068,12176,10236,9212,2508,5280,3816,-17688,241,373,899,0
4103,4141,1455,1550,-14100,21196,6092,1875,12469,3338,4344,92,-17536,1217,1700,-2308,0
4123,4161,1447,1559,-13524,25912,9084,-7491,10145,1841,4512,-1044,-15808,-1086,797,692,0
4144,4181,1440,1567,-32768,-2008,6876,-8607,6682,-4488,4384,2564,-16952,-1105,2004,-3938,0
4163,4201,1433,1574,-30488,-29024,-3540,-7807,-1485,824,3816,-980,-16164,3837,1687,7470,0
4184,4221,1425,1582,-8300,-28028,15464,4219,-1961,6194,5552,520,-16704,1090,-560,8303,0
4203,4241,1418,1589,-2728,-32768,1704,14756,1320,465,4392,708,-19396,-1528,1541,-8242,0
4222,4261,1411,1596,-3052,-732,4856,16360,3438,1899,4928,208,-17572,-1890,-609,202,0
4243,4281,1404,1603,-6480,17124,5100,12666,6586,458,5036,2336,-16224,-2525,-1104,-3572,0
4263,4301,1397,1610,-15128,25912,5488,6394,9002,1343,4856,4224,-19292,1471,2273,1551,0
4283,4321,1390,1616,-10376,32767,916,-3756,8221,1578,5560,-1820,-16096,1007,509,1204,0
4303,4341,1383,1622,-32768,-1008,1644,-5801,2602,-5094,5216,3672,-18576,90,4757,-104,0
4323,4361,1376,1628,-32768,-17616,-1628,-5199,-4063,2145,4240,724,-15336,3464,474,2335,0
4343,4381,1369,1634,2584,-22304,6240,2644,-4637,4130,4040,-1176,-17260,-692,-462,11011,0
4363,4401,1362,1639,18312,-25276,3404,6127,3082,-467,2992,6252,-11048,-1814,744,-8037,0
4383,4421,1355,1644,22424,5716,3644,6342,11799,3119,4684,-1284,-15988,-497,1049,2347,0
4403,4441,1349,1648,-11440,4064,-1152,2914,14375,-1221,4784,4068,-17440,138,2740,-1937,0
4423,4461,1342,1652,-32768,14240,14644,2070,19045,4743,5336,-3200,-16740,-194,-416,1360,0
4443,4481,1336,1656,-32768,-22196,-1336,3475,189,-772,5240,4492,-17420,557,2933,1499,0
4463,4501,1330,1659,-23388,-12288,5888,6239,-9667,2506,4476,-1464,-18696,464,9,-2752,0
4483,4521,1324,1662,12680,-4268,6580,10162,-4299,918,6096,-48,-18596,-1663,-460,1768,0
4503,4541,1318,1664,9092,11216,6892,7628,3934,1324,5152,-88,-17568,-2583,1395,-6058,0
4523,4561,1312,1666,-7932,13108,-3716,2590,6704,649,5408,3640,-18480,-823,705,-673,0
4543,4581,1306,1668,-29480,19724,13044,-2568,5310,-185,5548,-356,-16572,-301,-370,-1143,0
4562,4601,1300,1669,-32768,-2100,2812,-4556,54,-1104,4728,1952,-20656,1565,2305,4800,0
4583,4621,1295,1670,-15108,-14080,6832,-3596,-3583,-971,5516,1956,-21952,2608,1506,2259,0
4602,4641,1289,1670,-4444,-18584,10276,2610,407,2292,5300,-2312,-18192,-708,-2012,525,0
4623,4661,1284,1670,-10608,-30488,3744,9996,2833,1078,22480,-1688,-21888,-4239,-1479,-3853,0
4643,4681,1279,1669,-10792,4804,2040,11246,6659,2409,3168,1008,-14192,-2712,-902,-11786,0
4663,4701,1274,1668,-31432,17332,4920,7817,2024,-441,5048,1308,-17344,-2914,-865,-3600,0
4683,4721,1269,1667,-26788,22000,4264,1239,-2031,1679,5028,592,-17360,597,137,-669,0
4703,4741,1264,1665,-8600,10344,3984,-4044,-2764,-2219,4836,2896,-17228,-741,1618,3142,0
4723,4761,1260,1663,-4152,-1800,4572,-5288,436,-759,4836,1664,-19244,2114,1143,782,0
4743,4781,1255,1660,-15456,-19484,1884,-2490,2207,671,5188,1364,-18368,2256,1723,6441,0
4763,4801,1251,1657,-22344,-24404,2696,3128,177,1666,4092,112,-17012,726,-812,-864,0
4783,4821,1247,1654,-20876,-22916,768,11709,-321,2558,4884,440,-18748,-2095,-639,-3052,0
4803,4841,1243,1650,-20588,6008,3536,11869,-2944,2127,4200,1152,-16500,-3661,-1330,-9747,0
4823,4861,1239,1646,-17388,15508,4352,10131,-3812,492,5128,1948,-18740,-2150,-500,-3254,0
4843,4881,1235,1641,-15524,20720,7144,3477,-4120,2181,4728,1600,-17488,-1723,-1087,-5041,0
4862,4901,1232,1636,-9544,19112,7488,-1498,-3660,-607,5052,1212,-18152,-1293,459,1121,0
4883,4921,1229,1631,-10248,1236,7700,-4680,-2137,-907,5164,2688,-16916,167,1373,1132,0
4902,4941,1225,1625,-19584,-5960,776,-5024,-1380,462,4984,1084,-17304,337,216,-35,0
4923,4961,1222,1619,-23180,-11116,1912,-2904,-4019,-57,4400,1248,-17388,165,738,606,0
4942,4981,1220,1613,-5696,-20720,4760,2025,-4328,785,5180,1964,-17708,919,1198,4089,0
4963,5001,1217,1607,-1048,-21920,7532,7597,-1078,1764,5652,348,-16144,-1272,-1248,-3294,0
4982,5021,1215,1600,-21940,3524,1648,9702,1020,2603,5244,296,-17912,-3492,-1314,-6918,0
5003,5041,1212,1593,-32768,13112,4172,6961,-3496,966,5416,976,-17476,-668,-861,-466,0
5023,5061,1210,1586,-22068,16672,8180,1966,-8224,907,2148,4600,-18028,265,-655,-1490,0
5043,5081,1209,1578,-2404,12228,7060,-2495,-6212,-944,4700,2512,-19036,-295,1270,-883,0
5063,5101,1207,1570,-2812,-8888,4248,-2500,-2290,-72,4960,1944,-17280,240,2482,560,0
5083,5121,1205,1563,-14608,-12884,5120,-2133,-2090,962,4620,2672,-17600,-166,-40,-187,0
5103,5141,1204,1555,-23756,-2612,7896,1373,-2882,794,5380,860,-17724,-363,-2955,-2834,0
5123,5161,1203,1546,-21040,2232,5500,2249,-5858,1997,4268,1396,-16992,-428,-1446,205,0
5142,5181,1202,1538,-7952,3848,3472,681,-5008,843,6264,2156,-11768,-970,669,-1595,0
5163,5201,1201,1530,-7248,2832,5032,-1098,-3792,1065,4712,1804,-18256,-327,611,-61,0
5183,5221,1201,1521,-17420,-3388,5104,-803,-4178,416,5048,1808,-17856,-472,-1394,-351,0
5202,5241,1200,1513,-17808,-4620,3256,907,-5198,1333,5752,1896,-18076,-77,-123,-29,0
5223,5261,1200,1504,-13108,-1628,3184,1751,-5365,1347,4988,1708,-17060,-332,-399,-200,0
5242,5281,1200,1496,-11504,2832,8492,597,-5992,1186,4804,1964,-16952,-281,391,-83,0
5263,5301,1200,1487,-6804,3380,6136,-390,-4930,439,4988,1764,-18916,-368,100,-221,0
5282,5321,1201,1479,-5828,-952,8512,-435,-2842,472,4904,1716,-17356,-252,462,-843,0
5303,5341,1201,1470,-15740,-4312,11552,-66,-1415,1098,5048,1664,-16748,-402,-701,-95,0
5322,5361,1202,1462,-25684,-3768,8144,618,-3943,686,4900,1828,-17680,-151,415,-63,0
5343,5381,1203,1454,-19604,1860,5408,740,-5964,1190,4976,1644,-18360,-227,-104,-270,0
5363,5401,1204,1445,-10408,-916,15584,-125,-8564,-1148,5068,1492,-17092,-182,27,-50,0
5383,5421,1205,1437,-6768,-1708,9532,-275,-2819,904,5140,1892,-17340,119,-17,-982,0
5403,5441,1207,1430,-19868,-3424,7668,267,-3352,1410,4668,1704,-18048,-380,167,1771,0
5423,5461,1209,1422,-24396,-2316,8672,859,-5860,1170,4932,2080,-17864,18,19,-912,0
5443,5481,1210,1414,-10568,1020,10516,746,-7564,1077,4980,1172,-17972,-460,-339,1100,0
5463,5501,1212,1407,-2544,2660,11556,236,-4534,1279,4672,2544,-16832,-346,187,-318,0
5483,5521,1215,1400,-14220,-1880,12296,-54,-3219,1548,4804,1240,-16240,-81,345,839,0
5502,5541,1217,1393,-15152,-2624,8168,406,-4439,446,4836,2328,-17404,-66,-199,-532,0
5523,5561,1220,1387,-7828,-116,10832,258,-5061,358,5024,1676,-17136,291,44,1114,0
5542,5581,1222,1381,-6496,2304,9536,244,-1452,648,4748,1216,-17912,-330,-137,-695,0
5563,5601,1225,1375,-18648,-1204,10928,-439,-3922,588,4656,2160,-17144,73,386,1435,0
5582,5621,1229,1369,-19768,-116,4408,-91,-5553,953,4416,1608,-16400,163,358,-1014,0
5603,5641,1232,1364,-8736,-312,8020,411,-7263,595,5164,1264,-16832,-18,1501,1064,0
5622,5661,1235,1359,4024,2480,10192,398,-3885,872,5052,1448,-18452,95,761,-758,0
5642,5681,1239,1354,-6936,736,11996,-2,-891,865,4804,388,-17184,-1114,-977,596,0
5662,5701,1243,1350,-26740,-1632,15676,-416,-1779,576,4748,2264,-17356,537,-176,1105,0
5683,5721,1247,1346,-23868,-1584,10396,84,-6201,593,4864,944,-17656,16,-341,666,0
5702,5741,1251,1343,2692,28,10356,358,-5625,-221,4908,1992,-16336,-658,-636,378,0
5723,5761,1255,1340,6796,1520,12612,-183,-424,488,4696,1732,-18088,-61,0,-320,0
5742,5781,1260,1337,-18296,-296,11796,-323,860,834,4712,1012,-17192,-505,-215,1135,0
5763,5801,1264,1335,-32768,-3108,14216,-328,-5199,539,4164,2820,-16964,682,1125,1727,0
5783,5821,1269,1333,-13472,-548,13044,-19,-8647,-869,4856,60,-17840,-345,-207,-1844,0
5803,5841,1274,1332,11016,2280,13152,-42,-3538,84,4916,2572,-17440,137,331,1160,0
5822,5861,1279,1331,612,-152,12156,-180,1749,773,5056,936,-16608,-551,-879,22,0
5842,5881,1284,1330,-19728,920,10440,-423,1730,657,4428,2120,-16832,-300,-13,1032,0
5863,5901,1289,1330,-22028,1204,11360,-334,-1719,-163,4576,1240,-18420,-367,650,-1090,0
5882,5921,1295,1330,-4908,520,12132,-454,-2322,-310,4736,1336,-17620,-235,201,-611,0
5902,5941,1300,1331,312,-864,12112,-505,580,34,4740,1188,-17456,-953,417,708,0
5922,5961,1306,1332,-12712,-244,12160,-338,2048,434,4692,1960,-17524,-254,-538,-170,0
5942,5981,1312,1334,-21452,72,11144,-109,-48,167,4736,1216,-17036,-179,27,-342,0
5962,6001,1318,1336,-12084,816,11464,-277,-2007,-293,4756,1876,-16916,-151,444,-410,0
5983,6021,1324,1338,-2704,656,12520,-530,-597,-191,4720,1472,-17356,-458,154,-140,0
6002,6041,1330,1341,-8092,-588,12088,-464,1320,293,4864,1708,-16920,-349,-378,424,0
6023,6061,1336,1344,-17416,-1276,11188,-166,453,233,4760,1512,-17252,-336,154,31,0
6042,6081,1342,1348,-14448,596,11596,-83,-1265,-122,5512,1476,-20224,-709,1511,-193,0
6063,6101,1349,1352,-10124,14360,14376,-2371,-1461,248,4444,2024,-15904,-755,-306,1351,0
6083,6121,1355,1356,-7716,13576,11680,-6827,-146,-1532,4516,1444,-18484,-934,1055,-2489,0
6103,6141,1362,1361,-9784,12584,12256,-11719,-103,-1129,4632,1320,-17628,-621,557,622,0
6123,6161,1369,1366,-6824,-3560,6376,-14135,634,-1626,5316,1348,-19716,-661,1493,-1953,0
6142,6181,1376,1372,-8112,-11644,11684,-11251,1244,1092,4404,3036,-17244,1688,512,3660,0
6163,6201,1383,1378,-6144,-32768,5744,-5620,3037,1141,5204,-1912,-17152,-1443,-956,-3740,0
6182,6221,1390,1384,-5680,-20880,12536,2037,4411,612,4616,3372,-17348,130,-1488,4798,0
6203,6241,1397,1390,-10688,-1968,11656,6126,4836,1891,5304,984,-18744,-106,217,-840,0
6222,6261,1404,1397,-10008,13592,10864,3010,5249,-1667,4464,-372,-17596,-2644,861,-5282,0
6243,6281,1411,1404,-10408,19980,8328,-2179,5542,-2268,4376,2400,-20324,-1445,1653,-787,0
6262,6301,1418,1411,-13368,20836,7672,-8713,5272,1882,5004,1484,-17832,680,668,2399,0
6283,6321,1425,1418,-20948,1972,4220,-11597,3635,-2588,5256,1840,-18128,-909,1656,-5194,0
6302,6341,1433,1426,-17640,-7436,7332,-13286,244,-664,5088,2076,-18092,1777,815,3801,0
6323,6361,1440,1433,-5676,-24080,7232,-9287,903,1273,5124,-356,-19700,-535,110,200,0
6342,6381,1447,1441,-5632,-25080,8172,-4032,3563,-254,5388,1200,-19080,-861,-1368,1739,0
6363,6401,1455,1450,380,5100,8960,-2728,3800,308,5508,2344,-20468,567,512,1366,0
6382,6421,1462,1458,-1448,10016,7360,-5638,5970,-2530,4996,-608,-19816,-2565,1842,-5905,0
6403,6441,1470,1466,-11540,1664,10548,-7240,8639,-790,5044,2908,-17608,-64,-470,3132,0
6423,6461,1477,1474,-16156,-9640,12104,-7534,8341,825,5020,772,-17992,205,-346,501,0
6443,6481,1485,1483,-32768,-20920,4520,-3789,6315,-286,5060,1852,-17296,-900,-357,-489,0
6463,6501,1492,1491,-32768,-7604,10440,-1513,-2760,1636,4840,2352,-17724,1693,539,3246,0
6482,6521,1500,1500,-5468,8140,13708,-3024,-3283,-1378,5132,-828,-19296,-1168,1408,-1713,0
6502,6541,1508,1509,5532,10916,4380,-6740,1189,-771,4576,2736,-18412,-242,156,238,0
6522,6561,1515,1517,18256,-3644,9452,-8037,6792,1016,5420,1440,-17376,382,-281,1972,0
6543,6581,1523,1526,-2644,-5896,7680,-9364,12917,1653,4540,648,-18248,-62,-334,199,0
6562,6601,1530,1534,-6060,-10860,4228,-7485,13702,1111,4456,2968,-16292,-115,-292,990,0
6583,6621,1538,1542,-32768,-21560,-3112,-4290,14438,2123,4524,364,-18052,2,1328,-2505,0
6602,6641,1545,1550,-32768,-17340,4688,618,-953,-489,4700,2332,-17476,350,-905,-987,0
6623,6661,1553,1559,-11192,-11144,2048,3214,-6433,3930,4616,268,-18484,1337,1729,6883,0
6642,6681,1560,1567,8604,3548,8296,3072,-2543,-2778,4540,168,-16300,-2200,-1010,-6722,0
6663,6701,1567,1574,-1664,17736,8228,-1071,2946,1708,5576,2488,-18460,241,-1245,2349,0
6682,6721,1575,1582,-100,6668,-668,-6521,5172,-698,4520,576,-16628,-20,894,794,0
6703,6741,1582,1589,-5164,22036,6820,-13154,8241,1215,4276,1232,-17900,1008,-1725,4755,0
6722,6761,1589,1596,-8488,-2360,-640,-15135,10197,138,4768,2060,-19908,420,-200,109,0
6743,6781,1596,1603,-17956,-9284,4640,-15041,9998,2226,3480,-340,-9724,2602,172,10389,0
6763,6801,1603,1610,-32768,-32768,-9528,-10042,9536,-628,4452,-108,-17864,241,3115,-6678,0
6782,6821,1610,1616,-32536,-25496,1644,-2113,-966,1034,3720,-2364,-17820,1000,-1840,6865,0
6803,6841,1617,1622,-10804,-11660,9360,3693,-2650,3989,5744,1940,-15528,1067,-4984,5113,0
6822,6861,1624,1628,-1800,5592,2864,1707,75,-1630,5344,1292,-14252,-1496,-1259,-6113,0
6843,6881,1631,1634,-3224,17768,2652,-3034,3447,1989,5864,544,-14024,1891,-4522,5121,0
6862,6901,1638,1639,-13344,18284,5880,-9380,3198,242,4532,468,-17348,2082,-1211,3742,0
6883,6921,1645,1644,-7172,1400,-1184,-13688,6065,1010,4440,1184,-17208,2919,2273,6771,0
6902,6941,1651,1648,-9480,-11840,2640,-12069,7389,1822,4044,348,-16788,3236,363,8750,0
6923,6961,1658,1652,-14516,-32768,-3212,-5957,11281,2699,4408,3024,-17828,-1301,334,-506,0
6942,6981,1664,1656,-32768,-32768,-3464,478,3893,-1970,4400,-1108,-16156,-699,238,-6259,0
6963,7001,1670,1659,-32768,-7960,3000,4764,-4059,3676,5152,-1496,-14236,1885,-4903,1521,0
6982,7021,1676,1662,-8908,13504,8828,3684,-6211,-659,4524,64,-16864,-2548,-2457,1215,0
7002,7041,1682,1664,7720,13680,2568,201,-681,-41,5120,4804,-15128,-1746,1842,3051,0
7022,7061,1688,1666,-8460,13444,1532,-9352,2741,204,2776,-580,-16320,637,1827,-5904,0
7043,7081,1694,1668,-3672,2852,1156,-10488,4591,-1316,3292,1208,-15700,-135,1628,11991,0
7063,7101,1700,1669,-9124,-12300,-2468,-11869,6188,4240,4036,2944,-16036,3318,-258,2406,0
7083,7121,1705,1670,-13172,-14676,3840,-9906,6323,1399,-3296,7676,-9244,338,-3800,5198,0
7103,7141,1711,1670,-28872,-12268,-4352,-7240,6505,-312,3568,-3572,-16540,-4695,-5795,6822,0
7122,7161,1716,1670,-32768,-15524,-1316,-4128,248,-1571,4408,2436,-17348,1189,-1281,1666,0
7143,7181,1721,1669,-25732,-23640,132,-1073,-4966,1845,4584,-740,-17320,1827,-2241,-4662,0
7162,7201,1726,1668,-1744,-12012,3276,2605,-3968,381,4552,-216,-13384,-692,-1291,-22,0
7182,7221,1731,1667,-4728,11612,8004,1200,127,1070,7180,-1976,-16552,-2948,2979,5200,0
7202,7241,1736,1665,-12712,9732,-1832,-3333,2476,-1426,4164,-1004,-20672,1276,-1180,-1912,0
7223,7261,1740,1663,-21724,508,3112,-7098,1124,-1186,4292,360,-17352,260,-189,414,0
7242,7281,1745,1660,-20320,-13972,2632,-4531,-202,-400,3328,-2172,-16040,-511,426,3148,0
7263,7301,1749,1657,-18480,-15128,-2244,-3152,-1663,117,3472,-260,-16652,619,472,329,0
7282,7321,1753,1654,-11704,-8936,3732,-1819,-1403,-1168,3460,-500,-17012,-649,365,725,0
7303,7341,1757,1650,-16052,-7344,5728,138,-435,-847,3956,-716,-16640,-1476,-583,1022,0
7322,7361,1761,1646,-25172,-1708,5388,1355,-1818,-1210,5440,-1320,-17984,-739,476,411,0
7343,7381,1765,1641,-25712,-2104,2260,954,-4248,-1424,3208,-2384,-17612,25,-1143,1276,0
7362,7401,1768,1636,-12392,-1796,404,-99,-4756,-1995,3752,-928,-15920,-2083,-29,-3704,0
7383,7421,1771,1631,-8312,5048,2732,-3259,-5447,-2559,3452,848,-16260,-974,1064,3308,0
7402,7441,1775,1625,-5416,11548,2740,-7641,-2285,-1179,4236,0,-20968,-361,371,175,0
7422,7461,1778,1619,-13668,-3964,5628,-8126,-1333,-3916,4796,1524,-17620,-716,779,-820,0
7443,7481,1780,1613,-21496,-25352,264,-4602,-1231,-1399,4168,-596,-15136,-268,-393,-1106,0
7462,7501,1783,1607,-26036,-16504,972,-1183,-4395,-2160,2176,3372,-14676,175,906,-5771,0
7483,7521,1785,1600,-22768,5016,3480,-1662,-6783,-2420,520,-56,-25492,-1345,831,-3918,0
7502,7541,1788,1593,-4072,3048,3932,-3021,-6177,-2387,4284,1012,-17296,418,-863,-2674,0
7523,7561,1790,1586,1872,-11236,4384,-2476,-2404,-2032,4344,-508,-17524,-525,-438,-2865,0
7542,7581,1791,1578,-11892,-14772,4720,273,1263,-2479,4220,-1060,-18064,-1820,401,-3138,0
7563,7601,1793,1570,-28700,-9592,4624,1790,-1567,-2317,4128,796,-17132,-664,781,-1662,0
7582,7621,1795,1563,-32768,-2524,4012,1017,-6727,-2218,3968,-1132,-18956,-343,890,-614,0
7603,7641,1796,1555,-12428,1496,4872,-219,-7770,-2415,3960,224,-18388,-583,611,129,0
7622,7661,1797,1546,1280,-3032,7692,-958,-5546,-2263,4376,668,-17896,-869,-84,-1460,0
7642,7681,1798,1538,1948,-8600,5316,-447,35,-1026,4476,408,-17452,-1008,730,-3265,0
7662,7701,1799,1530,-24136,4428,6268,-2179,2022,-3092,3748,-1148,-18640,-2436,-399,-2559,0
7683,7721,1799,1521,-31172,11084,2044,-7315,-2508,-3821,3972,-344,-20584,1285,-1758,-34,0
7702,7741,1800,1513,-23660,-5728,4628,-8950,-6992,-4470,4556,-1140,-17664,-199,950,3502,0
7723,7761,1800,1504,-6456,-27424,3144,-5644,-7255,-1426,3740,1080,-15716,-500,955,-1445,0
7742,7781,1800,1496,-9904,-27056,6808,-850,-5481,-3160,4132,-984,-18872,-2764,1421,-4650,0
7762,7801,1800,1487,-7984,-12080,5852,3715,-2953,-1952,4144,2284,-19308,-299,-254,2253,0
7782,7821,1799,1479,-28048,2732,10012,4336,-3650,-4555,4376,-728,-17420,-1843,21,-7002,0
7802,7841,1799,1470,-16172,5052,6484,1106,-6443,-1269,4400,1152,-17900,258,889,2119,0
7823,7861,1798,1462,-17668,1008,8720,-1172,-7440,-5411,4412,-1200,-19136,-2332,2365,-5586,0
7842,7881,1797,1454,-9116,-9216,5296,-2567,-6218,-3206,4288,592,-17220,-1626,1168,-2548,0
7863,7901,1796,1445,-7168,-13352,5452,-374,-4050,-3466,3856,-224,-18188,-1660,640,2020,0
7882,7921,1795,1437,-10848,-12172,6052,1795,-3226,-3077,4948,2692,-17964,-1486,-21,-5619,0
7903,7941,1793,1430,-23588,-4104,7764,899,-5767,-2882,4028,176,-17996,-1166,2478,-570,0
7922,7961,1791,1422,-13332,-2216,2868,112,-5763,-2694,3996,1488,-18332,-709,528,-1184,0
7943,7981,1790,1414,-6632,-5140,8868,-944,-5948,-3006,4912,980,-16360,1853,453,-3953,0
7962,8001,1788,1407,1216,-9576,7640,-1004,-2720,-703,4812,72,-20048,-1476,1383,937,0
7983,8021,1785,1400,-10656,-11792,4740,540,226,-4284,4772,680,-19264,-1253,-542,-5165,0
8002,8041,1783,1393,-22744,-8896,4900,698,-1070,-1990,4252,1516,-18028,-837,225,2211,0
8023,8061,1780,1387,-26304,-5880,6948,798,-4590,-4085,4496,1592,-17340,-1501,-399,-2742,0
8042,8081,1778,1381,-11628,-5692,10140,-76,-6984,-1178,4576,1688,-18000,272,457,-1193,0
8062,8101,1775,1375,1820,-8436,8628,-32,-5259,-2761,4616,372,-17748,-797,1111,-1549,0
8082,8121,1771,1369,-1260,-9528,6488,11,-1018,-2312,4648,-24,-17924,-208,166,-3239,0
8102,8141,1768,1364,-17052,-5952,8460,-127,25,-2743,4584,1364,-18348,-2214,906,-1058,0
8122,8161,1765,1359,-23212,-7796,6468,-234,-2720,-1704,4716,2528,-17420,367,529,-986,0
8142,8181,1761,1354,-17908,-11964,4696,454,-4736,-3505,4296,824,-15776,-765,-324,-3479,0
8162,8201,1757,1350,-8712,-8444,12052,256,-5918,-1590,4568,968,-18180,390,597,2809,0
8182,8221,1753,1346,1916,-7380,6936,699,-2776,-2744,4352,1824,-17560,-796,-23,-2521,0
8202,8241,1749,1343,-5124,-6420,8508,141,-5,-1408,4740,944,-16852,-1969,515,-999,0
8222,8261,1745,1340,-19776,-8180,8128,-351,-449,-3526,4148,3756,-16388,-1036,-42,-1806,0
8243,8281,1740,1337,-21968,-11292,6532,-414,-3189,-1739,4280,1836,-17180,-397,631,-97,0
8262,8301,1736,1335,-7100,-11588,6688,82,-6074,-1311,4580,1488,-17476,-437,282,-190,0
8282,8321,1731,1333,3536,-9700,5188,915,-2897,-1286,4480,1516,-15808,-95,-43,-110,0
8302,8341,1726,1332,-380,-6196,9020,217,377,-1179,4964,1672,-17620,-721,828,-166,0
8322,8361,1721,1331,-11788,-5996,8260,-797,1348,-835,5692,352,-18064,-710,1300,-487,0
8342,8381,1716,1330,-17700,-9672,8428,-1150,-561,-303,5948,-492,-17252,984,2528,-1071,0
8363,8401,1711,1330,-10856,-12848,8136,-483,-1562,340,1928,692,-16024,-559,-93,-6554,0
8382,8421,1705,1330,-4496,-10884,8776,342,-509,266,4724,2688,-17248,-636,621,2531,0
8401,8441,1700,1331,-7500,-6744,8564,329,831,-27,4652,1332,-17152,-486,-213,-287,0
8422,8461,1694,1332,-14348,-5320,8448,-539,545,-116,4456,2020,-17652,-392,221,-445,0
8442,8481,1688,1334,-14488,-8680,8100,-1137,-695,-18,3580,956,-17244,-447,686,-203,0
8462,8501,1682,1336,-7252,-20796,8268,2227,-730,484,4464,1404,-15932,-364,247,-1157,0
8482,8521,1676,1338,-8688,-28116,7640,6522,-140,1052,4888,1748,-16336,-805,-95,-3914,0
8502,8541,1670,1341,-8428,-17256,8380,10566,294,1310,5412,2040,-16884,-413,-192,80,0
8522,8561,1664,1344,-13992,4916,9052,8482,180,772,4764,1816,-18748,-489,-115,1070,0
8542,8581,1658,1348,-8412,12492,12644,5206,53,-188,5380,1304,-16524,-176,-461,-136,0
8562,8601,1651,1352,-11928,3004,9308,289,-106,-447,4528,1084,-18876,-1054,1187,-921,0
8582,8621,1645,1356,-7776,-9340,11324,-172,262,-32,5020,764,-16432,-325,183,-1754,0
8602,8641,1638,1361,-8544,-19292,9248,1819,1435,1820,5188,1564,-17556,-499,397,-584,0
8622,8661,1631,1366,-10836,-6532,8800,1776,1383,937,4184,1372,-17496,-272,131,-256,0
8642,8681,1624,1372,-9012,2404,8600,79,1180,1164,5020,2128,-18560,-351,-115,3015,0
8662,8701,1617,1378,-7684,-13728,9760,704,877,839,6076,2708,-19028,-583,824,-2678,0
8682,8721,1610,1384,-8196,-26056,7676,4665,2373,4123,5104,1368,-17272,-274,-1033,-243,0
8702,8741,1603,1390,-9372,-20932,10144,10267,2063,3928,3972,1428,-16940,-490,-1817,-12,0
8722,8761,1596,1397,-8012,-3748,11144,12753,3919,4701,4956,2372,-16776,1233,-2867,4965,0
8741,8781,1589,1404,-3840,9664,6772,8704,5580,2152,4684,-632,-17668,1431,2786,-4382,0
8762,8801,1582,1411,-6320,18552,11608,2770,6466,1986,4320,-928,-18144,-97,471,1973,0
8782,8821,1575,1418,-9888,16136,6272,-3494,7443,3739,3968,2104,-17752,434,314,1013,0
8802,8841,1567,1426,-18620,1516,-384,-7634,6636,993,4588,-1460,-18384,-970,188,-3861,0
8822,8861,1560,1433,-32768,-22572,6088,-5607,2423,-1419,4416,2552,-17540,-1620,2454,-712,0
8842,8881,1553,1441,-24660,-32768,8772,895,-3507,3598,5072,1544,-17384,803,-704,1320,0
8862,8901,1545,1450,-912,-32768,5204,12927,-2721,3542,4372,2592,-16380,808,-812,-292,0
8882,8921,1538,1458,424,-10456,10176,18012,-86,2752,5328,-552,-17328,600,-1565,-1773,0
8902,8941,1530,1466,4668,9724,6336,14168,3902,-420,4360,-60,-17904,-399,1234,1617,0
8922,8961,1523,1474,3580,25588,17960,9529,7163,4100,4908,1260,-18168,780,-1438,543,0
8942,8981,1515,1483,-10424,15892,7676,1378,11454,3336,3680,-1624,-12100,-801,1412,-2880,0
8963,9001,1508,1491,-11656,17776,9344,-6242,11613,3233,3976,900,-17216,5,-234,2375,0
8982,9021,1500,1500,-32768,-1612,580,-6480,10270,-2566,4568,1644,-17936,-2468,2653,-4818,0
9003,9041,1492,1509,-32768,-26472,-1532,-5051,-1363,-586,3300,2716,-13040,-30,1588,-1206,0
9022,9061,1485,1517,-21004,-32768,11796,6303,-8893,5535,6940,3080,-23336,2987,3,6218,0
9042,9081,1477,1526,14636,-32768,3236,15267,-4747,1947,4384,-188,-16204,-626,-1320,-8310,0
9062,9101,1470,1534,13244,4540,3764,14170,3124,851,3888,-900,-17936,-1493,738,1589,0
9081,9121,1462,1542,4024,12508,5708,10908,8885,169,4244,4504,-15572,-866,601,1170,0
9102,9141,1455,1550,-13652,32392,13488,596,10574,4474,4272,924,-18112,1585,221,511,0
9122,9161,1447,1559,-9364,27060,9248,-6228,11182,494,4148,880,-16932,-1771,-641,1423,0
9142,9181,1440,1567,-17780,-7100,-844,-7743,11414,-826,4132,3456,-16048,-175,2326,-5957,0
9162,9201,1433,1574,-32768,-23668,10928,-7443,6156,-987,5160,-660,-20144,372,1534,4912,0
9182,9221,1425,1582,-27536,-32768,13232,6318,-70,4589,5512,2332,-15612,885,-1424,8180,0
9202,9241,1418,1589,-6404,-32768,-560,15189,-789,5107,4572,-624,-17428,-241,883,-8825,0
9222,9261,1411,1596,-4744,1304,10108,17628,579,202,5004,-472,-17544,-3496,-975,1,0
9242,9281,1404,1603,-2396,17740,-1488,13635,5182,716,4656,4584,-18800,-948,-1324,-3648,0
9262,9301,1397,1610,-9308,25536,4292,7986,8304,4342,4156,1528,-20228,943,1467,12,0
9282,9321,1390,1616,-14788,26264,5824,-3400,7647,666,2964,-272,-18864,1789,3884,920,0
9302,9341,1383,1622,-5084,7812,1848,-5547,10574,-1397,4960,2300,-17708,598,4644,7630,0
9322,9361,1376,1628,-31696,-13172,2516,-7972,6341,539,4764,1252,-19700,1658,2300,542,0
9341,9381,1369,1634,-32768,-32768,-5136,-2763,881,19,3968,212,-18288,1225,3471,-458,0
9362,9401,1362,1639,-10420,-23832,13544,4497,-2495,3425,4680,-1748,-17188,-2263,-1756,4322,0
9381,9421,1355,1644,-4568,-8640,3992,10167,1356,1356,5412,2016,-17124,-2481,-728,-4614,0
9402,9441,1349,1648,-7772,8952,4664,7082,3274,-1159,4716,848,-20592,-1362,-57,-6335,0
9421,9461,1342,1652,-10944,14608,6688,4866,5364,2442,4980,2444,-20352,877,1302,6186,0
9442,9481,1336,1656,-9704,-3816,7216,3608,6258,871,4772,2728,-18504,1004,3019,-1749,0
9461,9501,1330,1659,-8064,-8084,3476,4390,8141,1836,-912,-160,-12364,-2859,-6415,-1712,0
9482,9521,1324,1662,-28240,5160,2092,4403,10450,2147,4080,-108,-19212,-2181,338,1128,0
9502,9541,1318,1664,-32768,12436,3632,1445,-1587,-695,4824,2956,-17252,-80,-180,-1118,0
9522,9561,1312,1666,-17776,6908,4640,-2442,-8213,641,3920,2120,-19908,1151,1245,2481,0
9542,9581,1306,1668,15032,-12908,2864,-126,-2215,-2100,5144,1952,-16596,448,1733,2853,0
9562,9601,1300,1669,4564,-16184,412,1300,4608,2385,4376,572,-20536,466,787,-5839,0
9581,9621,1295,1670,-2508,-9296,12,6355,6637,221,5580,-1112,-19492,-603,1226,2664,0
9602,9641,1289,1670,-11060,-12368,3476,7983,5644,2327,4260,2896,-13928,-497,-737,-1327,0
9622,9661,1284,1670,-32768,-1112,1504,8707,3561,-193,6772,1016,-18820,-1449,-106,-1272,0
9641,9681,1279,1669,-32768,13520,5664,5705,-4892,1145,6368,-2480,-21836,-25,-827,-5091,0
9662,9701,1274,1668,-3540,6424,4684,3600,-5017,-174,5416,1872,-17232,-907,963,2530,0
9681,9721,1269,1667,8876,4544,4056,860,878,1009,4528,1564,-17176,-266,668,-26,0
9702,9741,1264,1665,-14928,3684,4972,-968,4103,-27,4840,1500,-17584,-543,226,-238,0
9721,9761,1260,1663,-31888,-360,2752,-2037,1255,-321,4532,1736,-20584,669,1037,-16,0
9742,9781,1255,1660,-20228,-17076,-568,536,-3100,649,4744,2856,-18324,1474,1417,4685,0
9762,9801,1251,1657,-4488,-16124,5648,4380,-2435,1278,5284,-584,-15144,-607,-488,-2885,0
9782,9821,1247,1654,-9576,-2824,4836,7617,705,2072,5040,924,-18440,-2339,-497,-2213,0
9801,9841,1243,1650,-27656,7296,-776,4951,-1124,225,5248,392,-19756,-49,586,-5485,0
9822,9861,1239,1646,-26848,7904,1772,3067,-4635,965,4836,1632,-18260,-440,958,-257,0
9842,9881,1235,1641,-10076,-5880,2940,3115,-7608,314,5808,1492,-17272,-294,51,216,0
9862,9901,1232,1636,-1792,-748,4208,3498,-2619,1563,5044,852,-17964,-428,-248,-3884,0
9881,9921,1229,1631,-6608,12920,5592,1191,384,1169,5196,1020,-17868,-954,-638,-2099,0
9902,9941,1225,1625,-30436,5608,9252,-1583,-33,448,5476,1076,-18304,-903,-206,759,0
9922,9961,1222,1619,-27204,-6704,904,-2209,-6659,-292,5172,2376,-17968,37,1030,-216,0
9942,9981,1220,1613,-1832,-14360,5572,1910,-5448,97,4688,1392,-18396,102,1956,1039,0
9962,10001,1217,1607,6256,-17692,5292,5455,-159,1762,5160,2696,-20988,-896,-25,-688,0
9981,10021,1215,1600,-20836,6804,6696,6731,1920,1822,6044,88,-17488,-2183,-2173,-3820,0
10002,10041,1212,1593,-32768,8864,-108,4397,-3445,1433,4132,1564,-14324,2440,362,3131,0
10021,10061,1210,1586,-26480,15468,-776,443,-8628,890,4036,3300,-16084,-207,-1237,-1196,0
10042,10081,1209,1578,1788,7108,6524,-2674,-8424,-583,4660,1220,-18580,-79,515,-1354,0
10061,10101,1207,1570,8124,-13892,2588,-1011,-2499,25,5068,2288,-17320,147,2170,2101,0
10082,10121,1205,1563,-7820,-14240,5260,83,706,1620,4496,1568,-17036,-285,-350,-1383,0
10101,10141,1204,1555,-30004,1640,6500,3272,-272,986,5952,584,-18028,-928,-1450,-2444,0
10122,10161,1203,1546,-31588,5540,4964,1960,-6637,2041,2268,1936,-17332,904,1284,1089,0
10141,10181,1202,1538,-8216,4400,8196,-179,-7232,-592,5396,2024,-17360,1245,473,1184,0
10162,10201,1201,1530,-1416,84,8016,-1767,-4458,509,3240,2852,-16108,-785,366,-1467,0
10182,10221,1201,1521,-19144,-6760,4616,-560,-3352,623,5088,1044,-17316,-341,-1025,-734,0
10202,10241,1200,1513,-23036,-5144,5748,1218,-6008,1039,4524,2516,-17872,120,243,-927,0
10222,10261,1200,1504,-10552,1080,6216,1436,-6627,1012,4964,1352,-16884,-485,-284,1194,0
10242,10281,1200,1496,-9176,2772,8712,329,-4852,971,4520,2220,-17428,-161,314,-1159,0
10262,10301,1200,1487,-15584,-2400,11776,-606,-5596,-478,4976,980,-17680,-133,88,947,0
10281,10321,1201,1479,-5084,-1816,9816,-242,-4024,-109,4748,2148,-16580,-171,-170,-1438,0
10302,10341,1201,1470,-10520,-432,5728,-133,-2216,1393,4600,1812,-17080,-3,-54,1817,0
10321,10361,1202,1462,-25044,-1860,4092,674,-3916,888,4748,1852,-16940,-394,-437,264,0
10342,10381,1203,1454,-21928,780,6984,308,-8384,345,4648,1552,-17508,-167,133,-292,0
10361,10401,1204,1445,-2800,2232,11264,-10,-6817,153,4956,1816,-17360,-421,-186,112,0
10382,10421,1205,1437,-6088,-852,6164,-118,-2703,1767,4844,1432,-17660,108,303,-554,0
10401,10441,1207,1430,-20276,-2872,8336,118,-5112,225,4596,1680,-17052,-256,42,-142,0
10422,10461,1209,1422,-22724,692,7432,389,-6288,1400,5384,1656,-17976,264,206,-304,0
10441,10481,1210,1414,-11496,1960,8180,472,-9019,83,4680,752,-17176,-145,-183,-611,0
10462,10501,1212,1407,-1280,2412,9212,-142,-6464,337,4788,1360,-16868,89,497,-259,0
10481,10521,1215,1400,-8548,-604,8712,-315,-4724,615,4320,1236,-17152,-337,-849,977,0
10502,10541,1217,1393,-16632,-1800,9740,247,-4622,410,5000,1812,-17432,-7,439,121,0
10521,10561,1220,1387,-8992,1372,8708,350,-4648,652,4664,1900,-17328,-536,67,875,0
10542,10581,1222,1381,-10188,1000,15160,52,-2361,1135,4920,1776,-17276,-333,495,35,0
10562,10601,1225,1375,-21736,-2164,15748,-287,-3339,960,4672,656,-17092,69,471,1401,0
10582,10621,1229,1369,-24096,-2288,16076,-259,-6479,601,4600,2616,-16576,86,1230,7,0
10602,10641,1232,1364,-9568,-1544,10412,549,-6746,420,5060,944,-15468,-207,1064,-585,0
10621,10661,1235,1359,2404,2776,12356,143,-4231,146,4912,936,-17828,83,-128,-2034,0
10642,10681,1239,1354,-7428,372,14036,-355,-1273,464,4812,1540,-17140,-159,398,2264,0
10661,10701,1243,1350,-20548,-852,5872,-255,-539,1006,4640,2404,-16836,16,-217,-852,0
10682,10721,1247,1346,-25684,-948,12004,-28,-5474,976,4996,1244,-18284,-124,1539,1342,0
10701,10741,1251,1343,124,580,9352,429,-5214,258,4676,844,-18172,-136,-657,-1995,0
10721,10761,1255,1340,7048,1668,10384,1,-728,941,4820,1512,-17932,-419,524,2081,0
10741,10781,1260,1337,-15140,1216,12236,-456,749,861,4700,1536,-16840,-590,140,-296,0
10762,10801,1264,1335,-32768,-2252,13740,-403,-4017,202,4792,2540,-17020,489,430,1578,0
10781,10821,1269,1333,-14168,36,8448,201,-6074,485,5188,296,-17776,-378,-1239,-1111,0
10802,10841,1274,1332,5888,660,12184,72,-4617,-120,4776,2092,-17220,-130,573,1330,0
10821,10861,1279,1331,4396,564,12668,-123,532,625,4872,1020,-17728,-641,214,-71,0
10842,10881,1284,1330,-16432,976,11600,-255,1468,554,5056,1740,-17332,-187,-730,-465,0
10862,10901,1289,1330,-21788,-308,11764,-218,-1065,175,4764,856,-18276,-191,595,-981,0
10882,10921,1295,1330,-7068,196,11412,-457,-2548,-452,4800,1212,-17296,-418,251,-463,0
10901,10941,1300,1331,152,128,12560,-543,110,64,4652,1700,-17576,-759,532,1015,0
10921,10961,1306,1332,-11428,-208,12048,-243,1872,412,4828,1476,-17272,-266,-775,-1051,0
10941,10981,1312,1334,-20000,-488,10804,-96,18,263,4652,1000,-17352,-207,194,14,0
10961,11001,1318,1336,-12256,1076,11432,-286,-1820,-220,4676,1596,-17156,-408,830,-358,0
10982,11021,1324,1338,-3708,1360,12764,-562,-573,-120,4704,1396,-17436,-386,138,-182,0
11001,11041,1330,1341,-8404,-564,12100,-486,1144,272,4860,1540,-17408,-684,278,-155,0
11022,11061,1336,1344,-16832,-1664,11400,-196,304,166,4828,1608,-17688,-264,211,-56,0
11041,11081,1342,1348,-13804,360,11708,-65,-1178,-181,5352,1988,-17796,-720,1249,-47,0
11062,11101,1349,1352,-10976,15056,15916,-2380,-1579,178,4624,2124,-15916,-790,-575,1365,0
11081,11121,1355,1356,-8500,14320,12760,-7055,-227,-1636,4804,1720,-18556,-909,944,-2657,0
11102,11141,1362,1361,-9976,12772,12732,-11822,-626,-1357,4760,1300,-17704,-445,354,1056,0
11121,11161,1369,1366,-5488,-3044,6508,-14349,802,-1435,5104,1400,-19268,-538,1688,-2224,0
11142,11181,1376,1372,-7052,-12104,10728,-11322,2109,1826,4916,2592,-17200,1739,384,3491,0
11161,11201,1383,1378,-5408,-32768,5208,-5378,3463,324,4796,-2044,-17712,-1513,-1306,-3470,0
11182,11221,1390,1384,-5460,-22832,12012,2617,4771,374,4576,3180,-17772,-55,-1486,4217,0
11201,11241,1397,1390,-10900,-2320,9144,6907,4124,1690,5372,868,-18772,37,435,-965,0
11222,11261,1404,1397,-10164,17744,10800,3901,6129,-1222,5384,-396,-19624,-2965,163,-5004,0
11242,11281,1411,1404,-12788,17324,7584,-1191,5819,-1999,5748,3616,-19416,-562,850,409,0
11261,11301,1418,1411,-25300,25176,11280,-9039,4202,1724,4516,552,-17468,637,430,2091,0
11282,11321,1425,1418,-16812,4672,5860,-11167,1255,-3006,5324,2564,-18776,-1286,1349,-3595,0
11301,11341,1433,1426,-10488,-10076,8840,-14595,-944,-950,4424,1836,-16116,502,1230,2374,0
11322,11361,1440,1433,-7748,-9908,8252,-12616,1171,294,5304,1860,-18168,176,-110,3330,0
11341,11381,1447,1441,-8052,-15660,8972,-9400,2989,-1064,4468,1660,-18000,-610,-1361,-2444,0
11362,11401,1455,1450,2480,-18280,8468,-4605,6123,174,5608,2032,-17860,-131,-534,1166,0
11381,11421,1462,1458,-3240,-12328,5452,-2713,8386,1299,4432,684,-17208,-270,367,1520,0
11402,11441,1470,1466,-9068,4056,12244,-1888,9926,162,5036,1176,-17008,-1153,-278,-2091,0
11421,11461,1477,1474,-32768,-5920,9032,-1866,9715,894,4736,400,-16784,-269,787,-566,0
11442,11481,1485,1483,-32768,-10332,5308,-353,-886,-638,5512,1504,-18708,148,851,-2028,0
11461,11501,1492,1491,-8648,3580,4836,-2219,-5639,549,4796,-76,-18868,-76,1571,5603,0
11482,11521,1500,1500,4992,10276,10056,-3971,-1507,-3698,5492,2352,-18640,-2239,273,-5610,0
11501,11541,1508,1509,13148,4440,12688,-8031,3838,-21,4384,2616,-18152,1651,1330,1615,0
11522,11561,1515,1517,16808,-1544,5340,-8984,12344,1858,5236,-928,-18072,-1217,-2,-758,0
11542,11581,1523,1526,-8128,-7704,-460,-9780,15815,2465,5132,3424,-18212,973,392,2977,0
11561,11601,1530,1534,-32768,-732,18984,-8456,22641,2823,5012,776,-18652,-158,900,1561,0
11582,11621,1538,1542,-32768,-19216,3580,-6138,1817,-3000,4752,2820,-18196,-125,1000,-7811,0
11601,11641,1545,1550,-21452,-16956,8728,-3398,-6001,4732,5168,-432,-16220,3790,299,11434,0
11622,11661,1553,1559,3808,-11460,11948,3155,-3975,-488,5200,2120,-16708,-2071,-913,-6044,0
11641,11681,1560,1567,5564,-420,5660,3667,3623,2695,5132,1104,-18764,-83,-43,907,0
11662,11701,1567,1574,-3692,11948,4748,-555,5825,-418,4440,248,-19076,-1114,559,-89,0
11681,11721,1575,1582,-4776,16060,4148,-5646,8373,858,5032,3104,-19772,739,-275,3656,0
11702,11741,1582,1589,-12268,16588,5756,-12149,8534,1235,6092,1320,-20940,1243,-251,1408,0
11721,11761,1589,1596,-9548,1204,-2068,-16514,9845,523,4800,4580,-19008,3324,4077,4576,0
11742,11781,1596,1603,-13640,-10376,-2080,-14211,11572,1933,4240,-324,-15296,1966,2252,6894,0
11762,11801,1603,1610,-32768,-32768,-6600,-9893,4355,-1934,4268,2536,-16088,1498,1400,1728,0
11782,11821,1610,1616,-25516,-32768,4100,294,-389,3045,4396,-140,-16072,862,-1313,3493,0
11801,11841,1617,1622,-9796,-14888,8132,7651,-1225,3409,5488,1140,-17152,-1456,-2587,-892,0
11822,11861,1624,1628,-7600,11188,5360,5242,1393,-942,4192,868,-16892,-1993,-2686,-5018,0
11841,11881,1631,1634,-6068,18108,988,462,4198,2844,6212,3880,-12920,400,1194,6872,0
11862,11901,1638,1639,-13356,31236,6580,-11462,4090,2038,5060,-108,-17300,1983,-1321,2430,0
11882,11921,1645,1644,-9928,14176,3728,-16264,4685,-2952,4620,744,-19072,1659,1215,11478,0
11901,11941,1651,1648,-9848,-11664,24,-16046,6264,638,3704,3996,-17552,3110,3043,7928,0
11922,11961,1658,1652,-10768,-32768,-9912,-13286,6921,5021,8152,-5224,-26028,-1189,-4926,-7261,0
11941,11981,1664,1656,-32768,-32768,-524,-2298,3069,-4668,4252,-1748,-17036,-2756,-228,2847,0
11962,12001,1670,1659,-32768,-18240,6608,6828,-2081,6274,4888,884,-15356,1633,-4823,2006,0
11981,12021,1676,1662,-7904,7032,6700,7876,-4418,53,4556,-1080,-15920,-4272,-1228,-1016,0
12001,12041,1682,1664,2376,16752,3248,3792,-634,-1471,4388,3324,-14896,-913,-10,-2311,0
12021,12061,1688,1666,-14312,25284,2600,-7091,3215,1807,4200,-840,-19180,1389,-1234,488,0
12042,12081,1694,1668,-7860,11684,3000,-10882,2833,-2941,4208,468,-15388,24,1113,9120,0
12061,12101,1700,1669,-10788,-9508,-916,-14085,3228,2517,3308,1576,-18448,2926,2062,938,0
12082,12121,1705,1670,-10660,-12796,1228,-11377,4843,1580,8928,132,-17540,1431,-3939,9108,0
12101,12141,1711,1670,-7652,-19928,-9788,-9685,8229,1702,3968,-3240,-19232,-235,-2649,3562,0
12122,12161,1716,1670,-32768,-22300,876,-4153,3277,-3028,4584,-160,-19120,95,22,-155,0
12141,12181,1721,1669,-32768,-27844,-1352,529,-2366,2361,4472,-3280,-16596,1052,-887,-2023,0
12162,12201,1726,1668,-10560,-10276,1244,4411,-4668,1449,4400,-40,-16332,-428,-731,2185,0
12181,12221,1731,1667,-6472,12484,6596,2119,-2253,731,4256,-1716,-15124,-1900,754,-11,0
12201,12241,1736,1665,-3840,13236,1276,-2363,1674,-924,6592,1024,-19576,-446,-1261,4214,0
12221,12261,1740,1663,-16320,3492,3756,-6915,2127,-1136,4048,-24,-18168,859,-404,233,0
12241,12281,1745,1660,-19736,-10784,2880,-5588,1523,-1146,4216,-360,-15260,-329,969,2091,0
12261,12301,1749,1657,-22792,-15132,-1572,-4312,57,-49,2916,1864,-16228,-467,-1541,-2714,0
12281,12321,1753,1654,-17324,-11596,3740,-1973,-2437,-997,4260,568,-17656,-141,295,5651,0
12301,12341,1757,1650,-14612,-9868,2780,684,-1235,120,3248,-616,-17856,-392,-1028,-2089,0
12321,12361,1761,1646,-20828,-1812,4856,1668,-2279,-1738,4460,680,-18244,-1591,-228,-854,0
12342,12381,1765,1641,-26816,-256,4828,527,-4431,-1383,4488,-1820,-18076,-677,369,-1958,0
12361,12401,1768,1636,-15068,-1280,796,-762,-5859,-1819,2440,4052,-10760,124,1954,-5450,0
12382,12421,1771,1631,-7420,5484,-5232,-2792,-3374,-3113,4252,-2396,-13624,-643,416,-1280,0
12401,12441,1775,1625,-2056,9260,328,-7159,-1631,-1822,2996,-1164,-17040,-109,-1056,1679,0
12422,12461,1778,1619,-10588,3264,1312,-10411,114,-4769,3460,-1456,-16328,-366,5,371,0
12441,12481,1780,1613,-19424,-16160,664,-8974,-975,-3352,4852,520,-18464,-205,1076,3274,0
12462,12501,1783,1607,-25348,-32768,-2684,-3897,-3151,-2317,3156,-1144,-15960,-710,927,-2074,0
12481,12521,1785,1600,-18360,-26048,1336,1903,-5669,-1728,3984,-1592,-18568,-702,171,-5972,0
12502,12541,1788,1593,-10552,-5104,4016,5066,-5575,-1173,4180,1516,-17076,-1470,-250,2739,0
12521,12561,1790,1586,-3368,6800,4460,3196,-3470,-772,3976,92,-17644,-327,-155,-1770,0
12541,12581,1791,1578,-8920,7096,3620,-258,-646,-2472,3784,-256,-18832,-1747,1648,-2171,0
12561,12601,1793,1570,-20424,-856,2648,-2748,-509,-3325,4108,44,-17276,-1003,811,-2872,0
12581,12621,1795,1563,-31636,-14036,6552,-2157,-3803,-3905,4068,-240,-18032,-2154,1053,-1622,0
12602,12641,1796,1555,-18748,-15728,3700,464,-6383,-1994,4268,144,-18480,319,101,669,0
12621,12661,1797,1546,-5416,-7612,6692,2642,-6269,-1522,4408,764,-16800,-380,-589,-1550,0
12641,12681,1798,1538,2192,1252,5264,1766,-1803,-296,4016,120,-16800,-710,690,314,0
12661,12701,1799,1530,-16600,16636,9740,-2070,518,-4025,4124,740,-16264,-2517,-1210,-2835,0
12682,12721,1799,1521,-26480,10200,-2060,-7978,-1514,-3177,3520,-920,-22204,639,-1021,-1639,0
12701,12741,1800,1513,-23392,-4872,3004,-10125,-4884,-4422,3912,-1872,-17096,-670,1192,3603,0
12722,12761,1800,1504,-11172,-25456,4280,-6505,-6108,-916,4060,1336,-16488,-1335,661,-2461,0
12741,12781,1800,1496,-8780,-32768,3040,-407,-4768,-3707,4348,24,-19088,-390,450,-3558,0
12762,12801,1800,1487,-9364,-21048,492,4940,-3264,-2971,4320,-52,-16612,-922,-116,-647,0
12781,12821,1799,1479,-19680,1736,4180,5545,-2866,-4418,4236,80,-19296,-1454,129,-2993,0
12802,12841,1799,1470,-16532,6688,8116,2467,-5267,-2879,4196,984,-19004,416,-55,-115,0
12821,12861,1798,1462,-22068,3716,9264,-1138,-7633,-5606,4088,-1432,-18648,-2385,1600,-6034,0
12841,12881,1797,1454,-4596,-7576,2296,-2060,-4231,-3864,4620,2396,-19488,159,1651,1641,0
12861,12901,1796,1445,-5660,-13120,6040,-663,-3684,-4632,4908,1432,-16900,-666,-638,-6465,0
12881,12921,1795,1437,-14508,-13392,7716,1258,-4053,-3569,4084,2096,-17956,-548,455,-2546,0
12901,12941,1793,1430,-17832,-8368,5368,2111,-4740,-3402,3916,-432,-17716,-2032,2154,-1269,0
12921,12961,1791,1422,-13272,-1284,5920,726,-6205,-2890,4680,2744,-17876,144,676,-2476,0
12941,12981,1790,1414,-6064,-4020,5700,-640,-5466,-3154,4404,-860,-18372,101,848,-1301,0
12961,13001,1788,1407,1192,-6868,9544,-1503,-2366,-644,4308,1324,-19628,-359,312,-730,0
12982,13021,1785,1400,-13236,-12116,9024,-219,-266,-3854,4908,88,-16444,-2060,-349,-5054,0
13001,13041,1783,1393,-23408,-10208,5496,244,-894,-1028,4260,2092,-18428,-568,833,1227,0
13022,13061,1780,1387,-25396,-7024,5580,965,-5391,-3896,4380,1944,-16796,-1227,-322,-3302,0
13041,13081,1778,1381,-11548,-6840,7804,197,-7176,-1265,4424,1296,-17248,-613,1454,820,0
13061,13101,1775,1375,5384,-6396,6268,15,-4551,-2303,4552,844,-18476,-403,-436,-1581,0
13081,13121,1771,1369,-2524,-8320,7780,-348,-965,-2145,4436,-16,-18936,-2239,672,-3421,0
13102,13141,1768,1364,-19280,-7600,6632,-349,-255,-3395,4156,1120,-16316,-1040,43,-1911,0
13121,13161,1765,1359,-24168,-10576,6476,-369,-4188,-1466,4472,1788,-16956,-1016,894,500,0
13142,13181,1761,1354,-13972,-11620,3764,544,-6969,-3346,4712,1324,-18772,37,915,-2539,0
13161,13201,1757,1350,-4868,-8900,9632,1242,-4610,-2744,5028,-516,-17304,-383,190,374,0
13181,13221,1753,1346,2528,-2568,13580,229,-2505,-1011,4444,1532,-17156,-1950,-460,-2754,0
13201,13241,1749,1343,-4912,-5372,9764,-536,-339,-1883,4484,1072,-17960,-813,446,72,0
13221,13261,1745,1340,-19848,-10008,5960,-1015,-91,-2176,4456,968,-17884,-867,1809,-127,0
13241,13281,1740,1337,-22968,-12288,5620,-214,-2624,-2419,4356,1140,-17380,-342,909,-88,0
13261,13301,1736,1335,-14612,-10736,11448,214,-6343,-1098,4840,1100,-18424,-225,-497,-165,0
13281,13321,1731,1333,4172,-7116,9884,1007,-3197,-214,4816,1416,-17156,-43,-485,-61,0
13301,13341,1726,1332,1008,-5180,9376,210,326,-1296,4700,1260,-18088,-876,769,-413,0
13321,13361,1721,1331,-13216,-5252,8396,-1172,1928,-779,7004,316,-16496,609,3011,-2127,0
13341,13381,1716,1330,-19596,-10900,7292,-1316,-398,-359,4776,976,-12308,-1847,3838,-11087,0
13361,13401,1711,1330,-11660,-13724,8384,-508,-2024,259,-2648,4732,-18740,-1675,404,187,0
13381,13421,1705,1330,-2824,-11136,8724,616,-851,384,4904,512,-16628,-504,-68,3687,0
13401,13441,1700,1331,-5384,-6300,8976,529,1009,33,4528,1744,-17912,-933,273,-2250,0
13421,13461,1694,1332,-14072,-4572,8312,-640,1072,-69,4660,1032,-17540,-656,257,-657,0
13441,13481,1688,1334,-15676,-8336,8040,-1431,-440,17,4296,2056,-18268,-58,928,-400,0
13461,13501,1682,1336,-7748,-23080,6804,1899,-1172,629,4076,1168,-16132,-102,326,-2098,0
13480,13521,1676,1338,-8312,-26480,8828,5551,-710,763,5376,1060,-17176,-237,164,-1691,0
13501,13541,1670,1341,-8932,-4712,7940,6843,532,1437,4712,972,-18080,237,-373,2950,0
13521,13561,1664,1344,-11740,9848,9888,3042,-386,-1544,4124,1448,-16864,-773,-1029,-640,0
13541,13581,1658,1348,-9892,-1468,11580,1006,237,449,4676,2332,-16020,-395,120,-296,0
13561,13601,1651,1352,-10392,-23496,10260,2623,248,877,4516,1228,-14996,-1347,-348,-4900,0
13581,13621,1645,1356,-12420,-29188,9496,6734,-587,876,3760,1616,-16156,-427,716,411,0
13601,13641,1638,1361,-8984,-12976,8400,10690,693,1649,5340,1756,-16464,59,-2082,2968,0
13621,13661,1631,1366,-8540,5620,9840,8161,1345,1901,4624,1288,-17224,378,40,-1038,0
13641,13681,1624,1372,-7192,17288,12288,2779,1753,82,4204,532,-17616,-849,-892,2059,0
13661,13701,1617,1378,-9556,4504,10176,-1608,2355,2007,4740,3016,-17276,-145,721,-2007,0
13681,13721,1610,1384,-9788,-6552,9296,-4186,2629,1863,4464,-1440,-17392,522,138,-1928,0
13702,13741,1603,1390,-9412,-18636,10396,-1432,2813,3010,4260,2972,-16760,-272,168,2771,0
13721,13761,1596,1397,-10604,-32628,9884,4775,3407,4122,5236,1048,-15292,-91,-2210,-1045,0
13741,13781,1589,1404,-8964,-13032,7396,7853,3644,3894,4496,1472,-17820,330,-1492,2481,0
13761,13801,1582,1411,-10832,12668,11800,5787,4600,2203,4260,2548,-17164,1772,386,3413,0
13780,13821,1575,1418,-6780,6468,8316,3902,5980,1408,5128,2004,-15544,-1284,-459,-6747,0
13801,13841,1567,1426,-12532,-1404,7204,-1214,5740,4272,3924,-652,-17528,685,1328,1098,0
13821,13861,1560,1433,-18080,-3760,10352,-613,5501,512,5148,884,-18700,-1429,-975,660,0
13841,13881,1553,1441,-29688,-26572,7460,3682,1857,1466,4312,3328,-16284,-18,68,-2225,0
13861,13901,1545,1450,-17176,-27752,6544,8786,-3005,3593,4484,-208,-16260,908,-155,1714,0
13881,13921,1538,1458,-4976,-7208,8888,13440,-213,1870,5120,788,-17440,-809,-1990,2918,0
13901,13941,1530,1466,-7604,10444,14968,9680,-805,442,4568,1640,-18176,-1112,-755,-3276,0
13921,13961,1523,1474,12536,9888,6148,6157,5080,2285,4324,1960,-16588,583,184,3612,0
13941,13981,1515,1483,6484,14900,13944,827,11591,3466,4996,-16,-16440,-942,-2592,-2007,0
13961,14001,1508,1491,-11940,7188,10144,-2228,12975,2388,3860,1856,-19380,-648,-1099,2666,0
13981,14021,1500,1500,-22140,-9396,-2960,-378,16830,3416,5428,524,-17220,-787,101,-2473,0
14001,14041,1492,1509,-32768,-29524,-1828,1908,839,-3131,3588,1384,-13376,-296,1307,-4218,0
14021,14061,1485,1517,-23844,-26464,4360,7785,-9706,5996,4812,2264,-17452,2760,1583,10998,0
14041,14081,1477,1526,16548,-160,9092,10187,-5941,-1494,4700,-184,-16456,-1173,-726,-6249,0
14061,14101,1470,1534,20300,19624,11980,8343,3377,3395,5564,4124,-17356,-1921,-1844,595,0
14081,14121,1462,1542,11920,3240,-392,1637,9588,2770,4464,1272,-17884,1070,1407,-4605,0
14101,14141,1455,1550,-6632,7308,10004,-1703,12401,951,4832,-332,-17204,-948,449,1608,0
14121,14161,1447,1559,-5180,-3044,-5412,-2938,14966,4072,3908,5328,-20788,2571,4750,2415,0
14141,14181,1440,1567,-32768,-9780,17376,-2097,6048,-566,5008,-1440,-22928,-108,1182,-1662,0
14161,14201,1433,1574,-32768,-31580,5796,5094,-1866,2118,4444,3652,-18092,2308,2176,4528,0
14181,14221,1425,1582,-5996,-28064,3016,11075,-3655,5179,5084,-288,-15516,30,-63,1451,0
14200,14241,1418,1589,-1612,7868,6644,12236,-52,-717,4528,1212,-18204,-2490,-653,-4014,0
14221,14261,1411,1596,2188,16108,9972,10300,3099,-1416,5448,3304,-17712,-377,1828,-63,0
14240,14281,1404,1603,-1024,23700,8244,4051,7746,3238,5132,1348,-19700,591,-720,2696,0
14261,14301,1397,1610,-15332,12220,5992,-512,10386,251,5456,3636,-17992,1251,3676,2282,0
14281,14321,1390,1616,-11108,6064,304,-5406,14243,3707,1980,-16,-16012,1978,1561,1889,0
14301,14341,1383,1622,-32768,-14076,-652,-4410,7536,-2518,4840,620,-18968,-2881,1615,1422,0
14321,14361,1376,1628,-32768,-32768,1780,640,-3764,1572,2828,3236,-12428,341,-2083,1201,0
14341,14381,1369,1634,264,-25068,5884,9843,-2627,4833,6056,-1380,-15624,-1246,-1246,2526,0
14361,14401,1362,1639,5440,-1456,5228,14442,1702,631,5500,1976,-17688,-3378,-298,-3893,0
14381,14421,1355,1644,5420,7512,4444,10418,4668,-234,4088,2032,-17244,-2540,277,3434,0
14401,14441,1349,1648,-6328,16704,2548,6584,9589,1537,4176,560,-15116,378,3048,-2111,0
14420,14461,1342,1652,-11368,17872,2700,-677,11301,369,5192,3044,-17532,989,2668,3555,0
14441,14481,1336,1656,-32768,11516,17692,-5576,9969,-704,5004,-1384,-24116,174,1320,-396,0
14461,14501,1330,1659,-32768,-14716,4620,-4058,-2290,-1866,5052,3280,-17552,1738,1536,4585,0
14481,14521,1324,1662,-20544,-23480,6132,92,-9170,1682,5136,644,-17168,449,-544,-947,0
14501,14541,1318,1664,13888,-13188,7728,6312,-3951,1139,4744,456,-17332,-3472,-1864,-1973,0
14521,14561,1312,1666,7852,5848,5944,5792,4538,1176,11136,1828,-19920,-1120,-1084,-5682,0
14540,14581,1306,1668,-17668,4720,3176,4688,6730,67,5496,1272,-18376,-689,255,214,0
14561,14601,1300,1669,-28940,4992,356,1515,3458,1312,4588,1432,-19916,365,1122,346,0
14580,14621,1295,1670,-16912,-2468,3440,2066,1206,204,5440,2016,-20056,612,574,2889,0
14601,14641,1289,1670,-9656,-17080,7456,5024,456,1786,3968,956,-14460,-513,-95,1151,0
14620,14661,1284,1670,-12980,824,3168,5666,2601,808,3268,2428,-13860,-1562,1296,-3851,0
14641,14681,1279,1669,-22560,13428,5224,3334,2562,-233,5396,820,-21100,-936,-350,2211,0
14660,14701,1274,1668,-27456,772,2724,1616,-59,619,5196,152,-20580,1154,811,-1757,0
14681,14721,1269,1667,-16252,-13876,5916,4198,-3037,476,5684,1476,-16872,-624,794,4849,0
14701,14741,1264,1665,-4420,-7288,2296,5367,-938,2046,5004,1840,-18028,-140,457,-5185,0
14721,14761,1260,1663,-12352,15064,7536,3191,1275,-461,6600,-1504,-17908,-2118,-73,2857,0
14741,14781,1255,1660,-18224,1728,4360,2149,1118,649,5892,408,-16060,825,-295,-4603,0
14760,14801,1251,1657,-20352,-4008,-672,1497,-366,941,5108,1408,-16952,109,1003,146,0
14781,14821,1247,1654,-18468,1908,4832,333,-2336,-674,4996,1796,-17504,-443,-660,-7,0
14800,14841,1243,1650,-17956,4712,7296,-883,-2171,134,4968,1472,-16420,-367,-343,-226,0
14821,14861,1239,1646,-16080,-13776,2976,2258,-1686,861,5540,2456,-18404,332,942,-963,0
14841,14881,1235,1641,-18368,-21060,2872,5648,-2211,3135,5080,1576,-17952,-919,-239,27,0
14861,14901,1232,1636,-17060,4320,11568,7421,-3194,1359,6488,-2916,-17352,-1083,-1636,-1418,0
14880,14921,1229,1631,-8544,11936,4172,4261,-2749,-145,5184,5436,-18044,-2536,1376,-4450,0
14901,14941,1225,1625,-19048,16704,2488,-570,-2425,14,4880,680,-18796,-1562,388,-211,0
14921,14961,1222,1619,-29164,2484,1580,-3209,-6196,-1749,4172,3488,-17432,-565,1612,-2115,0
14941,14981,1220,1613,-4992,-14776,1272,-492,-6323,99,4956,2116,-18192,1379,2735,5164,0
14961,15001,1217,1607,-732,-22000,9928,3411,-2829,1915,5536,680,-18408,-36,-641,-3642,0
14981,15021,1215,1600,-12204,-6868,4728,8401,318,1235,3112,-612,-14940,-1975,-1622,-3717,0
15001,15041,1212,1593,-30556,7276,4036,6425,-1868,843,5604,-116,-17216,-2314,-957,-5531,0
15021,15061,1210,1586,-28844,14468,7712,2989,-6517,188,3748,572,-15688,1445,523,4919,0
15041,15081,1209,1578,-8320,14196,5504,-1408,-6873,-213,3652,2040,-17368,-457,565,55,0
15060,15101,1207,1570,-196,-6276,-1004,-1498,-3424,323,5036,1744,-16744,262,1958,322,0
15081,15121,1205,1563,-7628,-10544,2576,-1386,-975,1623,4348,2296,-17820,-277,44,57,0
15100,15141,1204,1555,-23096,-2756,10940,1577,-1437,964,5488,812,-17124,-823,-2574,-2045,0
15121,15161,1203,1546,-30592,1584,8628,1565,-6159,1571,3904,884,-16544,-578,341,-933,0
15140,15181,1202,1538,-12592,2524,3076,86,-8033,-462,9132,3672,-22620,2412,3133,5477,0
15161,15201,1201,1530,-1052,1760,4640,-1146,-5018,671,5136,2000,-17720,-617,-1163,323,0
15180,15221,1201,1521,-14000,-4712,10832,-498,-3530,612,5600,124,-17628,-1197,-589,-3001,0
15201,15241,1200,1513,-22484,-4872,4844,1035,-4733,1063,4072,3284,-17208,-1454,235,-1510,0
15220,15261,1200,1504,-19172,28,6096,1210,-6693,1106,5084,1332,-17404,-372,116,978,0
15241,15281,1200,1496,-9204,3612,7568,106,-7269,331,4948,1872,-17892,-715,216,-860,0
15260,15301,1200,1487,-3864,1520,6944,-603,-4281,825,4820,1960,-17248,-215,-81,956,0
15281,15321,1201,1479,-9028,-4748,10208,-319,-3455,-194,5004,1636,-17376,-254,-54,-817,0
15301,15341,1201,1470,-20076,-4572,11504,305,-2138,810,4968,2272,-17784,356,181,965,0
15321,15361,1202,1462,-24792,-1460,6300,743,-4994,606,4752,1768,-16844,-317,-632,-226,0
15341,15381,1203,1454,-23764,-1068,12744,520,-6918,825,4608,1648,-17164,73,562,-47,0
15361,15401,1204,1445,-1792,860,11256,53,-6816,81,4836,1776,-17320,-380,-176,-156,0
15381,15421,1205,1437,-7152,-2356,10200,-392,-2598,1654,4432,1572,-16172,19,251,45,0
15400,15441,1207,1430,-27112,-4312,13724,520,-2950,1812,4732,808,-18336,-255,296,-310,0
15421,15461,1209,1422,-21932,-304,8240,898,-6631,1217,4752,1680,-17632,-144,40,-161,0
15440,15481,1210,1414,-12544,188,11520,441,-7833,477,4756,1780,-17496,-570,696,-96,0
15460,15501,1212,1407,-5120,224,14128,3,-5458,499,5068,1656,-18608,-97,82,121,0
15480,15521,1215,1400,-14456,-2656,14688,-241,-5712,-70,4336,2260,-17416,582,-189,2269,0
15501,15541,1217,1393,-14460,-744,9324,512,-4093,819,4712,1828,-17676,-160,-11,-10,0
15520,15561,1220,1387,-9696,468,10548,264,-4827,431,4508,1704,-16908,33,322,504,0
15541,15581,1222,1381,-6352,1908,10396,-137,-2238,892,4820,1500,-17536,-365,222,-67,0
15560,15601,1225,1375,-17700,-1124,6644,-294,-2768,1434,4536,1780,-16832,826,442,181,0
15581,15621,1229,1369,-23356,-2276,11688,223,-5696,466,4752,2156,-13652,267,-279,-1371,0
15600,15641,1232,1364,-8596,-608,10216,616,-6829,783,4600,352,-18904,110,-807,1730,0
15621,15661,1235,1359,1948,2000,12308,132,-4447,326,4924,2596,-17480,36,-237,-904,0
15640,15681,1239,1354,-1868,1868,7752,-61,-546,852,4808,796,-17112,-68,285,410,0
15661,15701,1243,1350,-20976,-1080,9744,-461,-1473,892,4728,1980,-16876,3,453,878,0
15681,15721,1247,1346,-24420,-2328,10200,-96,-6081,320,4464,1792,-15860,-197,192,1637,0
15700,15741,1251,1343,-280,484,10312,337,-5680,-506,4728,1908,-16644,-172,-582,-1534,0
15720,15761,1255,1340,5032,1348,12968,-161,-1124,611,4692,1424,-17288,-146,-3,1550,0
15740,15781,1260,1337,-16536,784,9880,-413,266,494,4560,1472,-17640,-600,-416,-273,0
15761,15801,1264,1335,-29964,-836,8376,-142,-3827,1113,4904,1872,-18312,95,654,2264,0
15780,15821,1269,1333,-13188,-1256,12192,275,-6499,-123,4696,828,-17224,-527,-348,-1078,0
15800,15841,1274,1332,8456,2496,11608,54,-3212,457,5060,2052,-18128,-168,444,973,0
15820,15861,1279,1331,1488,-352,13860,-147,955,663,4940,1016,-16712,-635,-13,-154,0
15841,15881,1284,1330,-18016,792,11568,-318,1508,642,4664,1616,-17552,2,23,-173,0
15860,15901,1289,1330,-21480,568,11680,-303,-1537,-128,4700,1372,-17964,-276,421,-754,0
15881,15921,1295,1330,-4124,864,12160,-363,-2241,-359,4860,1156,-17444,-341,63,-964,0
15900,15941,1300,1331,-560,-600,12304,-552,796,257,4800,1336,-17592,-904,687,787,0
15921,15961,1306,1332,-14272,-456,11872,-300,1789,388,4780,1780,-17992,-268,-252,-423,0
15940,15981,1312,1334,-20272,220,11524,-60,-468,162,4804,1408,-17164,-67,-63,-290,0
15961,16001,1318,1336,-9808,832,11664,-257,-1803,-238,4772,1828,-17332,-327,494,-252,0
15980,16021,1324,1338,-3024,1080,12476,-619,-210,-41,4784,1552,-17596,-540,287,-94,0
16001,16041,1330,1341,-10524,-420,12044,-496,1257,278,4932,1628,-16868,-355,-508,81,0
16020,16061,1336,1344,-17600,-1164,11356,-131,31,176,4764,1476,-17300,-298,189,169,0
16040,16081,1342,1348,-11956,476,11644,-91,-1336,-167,5444,1604,-17756,-584,1257,-266,0
16061,16101,1349,1352,-10548,13196,16064,-2165,-826,186,4976,1636,-17312,-814,-298,1581,0
16080,16121,1355,1356,-7688,14216,9136,-6782,-260,-1305,5152,980,-19860,-961,863,-2464,0
16100,16141,1362,1361,-5588,15748,4020,-12027,52,-103,4528,1140,-16672,89,527,216,0
16120,16161,1369,1366,-8860,2840,9740,-15317,-353,-1346,3992,1304,-17420,-388,364,-1174,0
16141,16181,1376,1372,-7304,-11228,11152,-12219,2028,1075,4932,2468,-17420,2117,1000,1921,0
16160,16201,1383,1378,-5860,-32768,6480,-7198,3136,230,4448,-2752,-16060,-1346,-1417,-861,0
16181,16221,1390,1384,-4956,-25004,14936,2063,4552,-217,5480,5296,-18732,-196,-1636,3063,0
16200,16241,1397,1390,-11180,-7192,10472,7338,5150,2956,5764,116,-21208,408,673,-127,0
16221,16261,1404,1397,-9572,16176,11920,4547,5935,-1226,5400,-356,-20756,-3271,-416,-3290,0
16240,16281,1411,1404,-12952,20932,9164,-966,5851,-2735,5316,4292,-20692,-1240,2817,-119,0
16261,16301,1418,1411,-9804,26564,-4384,-6813,8990,4349,5232,940,-18100,618,128,1919,0
16280,16321,1425,1418,-22192,196,4312,-11727,1927,-3229,5716,1536,-17448,-1131,1475,-4995,0
16301,16341,1433,1426,-14992,1500,10240,-13908,-556,-1068,4136,2376,-16008,1828,696,3378,0
16320,16361,1440,1433,-5300,-19000,8184,-11250,992,1018,5104,-516,-18400,-122,918,520,0
16340,16381,1447,1441,-3996,-26624,11116,-5938,1348,-758,5504,1148,-18192,-1395,-1528,1922,0
16360,16401,1455,1450,156,-8776,7660,-1914,5852,563,5084,1968,-21100,281,340,-300,0
16380,16421,1462,1458,-3816,8184,8948,-3624,8730,-147,5212,296,-19000,-833,1651,-414,0
16401,16441,1470,1466,-12424,5640,8420,-6603,8884,-2379,4640,2792,-17628,-1027,830,-5064,0
16420,16461,1477,1474,-17660,1320,2892,-7389,12883,4109,4700,1660,-16996,732,290,3961,0
16441,16481,1485,1483,-32768,-21540,5072,-5769,3023,-341,4736,856,-17784,-798,1533,-4716,0
16460,16501,1492,1491,-16680,-15288,4652,-4491,-4673,647,4116,388,-17964,2047,1174,5046,0
16481,16521,1500,1500,2696,-5700,10368,-543,-1682,-982,5484,1456,-17820,-2100,-364,-210,0
16500,16541,1508,1509,-2676,-4736,16584,-891,-372,555,4812,2940,-17316,829,-1428,-1434,0
16520,16561,1515,1517,9516,7820,8492,-2317,7491,-397,4336,-48,-19556,-1012,2644,669,0
16540,16581,1523,1526,-9004,4184,4148,-7844,10290,-1242,4912,1620,-19620,-1021,654,-1651,0
16561,16601,1530,1534,-10460,14264,4984,-11397,11581,2378,4268,3188,-16148,790,-620,7622,0
16581,16621,1538,1542,-32768,-12676,2424,-10695,10995,-408,4872,1312,-16768,-541,394,-6634,0
16601,16641,1545,1550,-32768,-24012,4200,-8429,-655,-8,4304,1216,-17676,1209,-93,4861,0
16621,16661,1553,1559,-10616,-24320,10116,-694,-4665,3383,5288,1744,-18904,1742,1012,4929,0
16641,16681,1560,1567,4948,-22140,5600,4672,-757,30,4656,-460,-17844,-1892,-2052,-5371,0
16660,16701,1567,1574,-8084,13944,8948,1457,2758,376,4384,808,-18436,-398,-858,2467,0
16680,16721,1575,1582,-7236,16060,7112,-2452,4578,-166,4820,3080,-17584,-357,750,3628,0
16700,16741,1582,1589,-3640,26636,3484,-9691,7633,1418,5720,1880,-20668,883,-1061,-85,0
16720,16761,1589,1596,-11624,1324,-1480,-15260,8669,-457,4708,2696,-19732,2229,5505,3704,0
16741,16781,1596,1603,-6368,-8116,3572,-15276,9331,2052,4168,-2536,-19132,3303,3414,10094,0
16760,16801,1603,1610,-12160,-32768,-9372,-11383,13686,3864,6212,-440,-7584,1637,924,-28,0
16781,16821,1610,1616,-32768,-32768,3796,-2005,5533,-1954,5080,-1244,-17000,-1532,-62,47,0
16800,16841,1617,1622,-31924,-19336,5088,6216,-2140,6296,-1452,2840,-14396,1512,-7323,6657,0
16820,16861,1624,1628,-6448,4720,3396,5959,-3486,-411,5560,-1132,-16248,-3457,-2191,-6083,0
16840,16881,1631,1634,2816,16524,-2084,2134,1053,-469,3112,3176,-16056,-1034,2461,1116,0
16861,16901,1638,1639,-12808,28116,4436,-9580,2308,2061,5816,-60,-16952,1059,-1910,528,0
16880,16921,1645,1644,-8048,22164,5344,-15309,3406,-2048,4596,684,-15848,1105,313,9906,0
16901,16941,1651,1648,-3936,-9556,-284,-16500,5509,-1044,4656,3032,-15924,4134,3482,5990,0
16920,16961,1658,1652,-2348,-10340,4032,-17211,10654,5882,-96,-1732,-13528,-356,-6008,4108,0
16941,16981,1664,1656,-17916,-32768,-9348,-2559,11478,347,18824,-6520,-30688,-5119,-1769,3897,0
16960,17001,1670,1659,-32768,-32768,-9852,5772,1837,2145,2116,1856,-14556,734,-552,-3932,0
16980,17021,1676,1662,-26436,-1980,4572,6003,-5226,3825,652,-1548,-24280,117,-3367,-1354,0
17000,17041,1682,1664,4836,12516,-3096,3984,-4664,-2358,4788,800,-17476,-1211,-667,-1993,0
17020,17061,1688,1666,-2376,27356,11584,-2390,1134,426,4392,-1424,-17644,-455,-1852,1051,0
17040,17081,1694,1668,-9072,3376,6588,-6089,2643,-1191,3844,5068,-13836,242,1740,7347,0
17060,17101,1700,1669,-13500,-6252,2128,-9839,5730,3405,3624,-1712,-12460,3740,-1883,-2174,0
17080,17121,1705,1670,-10588,-1244,3752,-9639,6587,1062,6012,-1684,-15448,1085,-1950,13014,0
17100,17141,1711,1670,-16744,-5364,612,-10790,7661,3926,1960,2020,-17424,-1631,-675,45,0
17121,17161,1716,1670,-32768,-9528,4628,-8717,5231,-2514,4132,292,-17584,-556,-2100,3306,0
17140,17181,1721,1669,-32768,-21032,-4192,-7058,-1642,1905,3368,-872,-16136,1833,-1131,-2262,0
17161,17201,1726,1668,-19908,-21404,1364,-483,-4539,330,4744,488,-15492,34,-466,6179,0
17180,17221,1731,1667,-5024,-8268,-748,1484,-2977,1702,2868,-1756,-17204,346,29,169,0
17200,17241,1736,1665,-2120,5204,3592,-326,-75,-1084,4372,564,-17916,-849,271,-385,0
17220,17261,1740,1663,-13300,3248,5112,-2147,2446,-1100,3300,-1428,-17272,-1057,329,985,0
17241,17281,1745,1660,-22588,-5980,2472,-2029,1708,-353,5056,576,-16268,-743,-405,-599,0
17260,17301,1749,1657,-24512,80,580,-3384,-975,281,4232,980,-16612,-757,-1060,-2355,0
17281,17321,1753,1654,-15916,8624,-1508,-7366,-2927,-2097,2912,-1500,-15588,1567,-75,4699,0
17300,17341,1757,1650,-14428,-7276,6312,-7524,-2052,-2726,3972,452,-15980,-434,-1254,469,0
17320,17361,1761,1646,-23268,-23076,3264,-2958,-3696,-3347,4292,-1612,-17700,-1246,-422,-3603,0
17341,17381,1765,1641,-27708,-26264,-3620,2223,-6942,-2540,3372,-684,-15392,-1780,-1587,-4882,0
17360,17401,1768,1636,-13272,-5596,-2180,5280,-6782,-821,7912,-2108,-16564,421,865,-4483,0
17380,17421,1771,1631,-1956,13576,4384,1449,-6266,-1383,-1624,5536,-22200,293,-6873,10538,0
17400,17441,1775,1625,4456,13972,2488,-2029,-897,-1588,4340,4384,-18460,60,-156,1335,0
17421,17461,1778,1619,-14116,-1796,2344,-7045,1296,-3511,3956,-860,-19844,-663,2573,-6442,0
17440,17481,1780,1613,-24588,-9924,4480,-7318,-771,-3735,4136,-572,-14088,-43,-989,1430,0
17461,17501,1783,1607,-28892,-16512,-1556,-6288,-3749,-1174,4252,-840,-19716,1163,-1345,-1921,0
17480,17521,1785,1600,-18064,-14480,4936,-3020,-6791,-2908,4708,696,-17352,-185,-327,1017,0
17500,17541,1788,1593,-9956,-19408,3948,463,-4957,-589,3320,2424,-22148,318,2537,-321,0
17520,17561,1790,1586,-1448,-10928,1784,2102,-2235,-1230,-4244,-2504,-14472,1424,-3035,2324,0
17541,17581,1791,1578,-16240,-180,2460,1377,-233,-2738,4444,304,-19252,-2012,577,-6040,0
17560,17601,1793,1570,-24244,4860,3496,-666,-1691,-2964,4040,-628,-16452,-754,-550,300,0
17581,17621,1795,1563,-29344,-6576,2836,-1234,-5793,-4645,4224,1620,-15444,-568,-72,-5144,0
17600,17641,1796,1555,-11712,-13720,1236,-308,-6918,-1444,4260,-1096,-17216,488,633,-332,0
17620,17661,1797,1546,-92,-10780,3924,2001,-4579,-2731,4284,484,-16828,-1522,491,-2435,0
17640,17681,1798,1538,792,-3320,4836,1463,-874,-708,4116,-260,-17424,-961,1454,-944,0
17660,17701,1799,1530,-21348,15004,9804,-1975,-133,-3623,4068,808,-15152,-2927,-558,-1014,0
17680,17721,1799,1521,-27412,10648,116,-7350,-1433,-2876,5208,1324,-22644,1506,-1541,-2286,0
17700,17741,1800,1513,-20420,-6724,2640,-9801,-5667,-4905,3784,-1564,-15560,-902,2234,2361,0
17721,17761,1800,1504,-10216,-25968,5008,-6490,-5563,-1508,4240,-232,-17524,-1628,237,-6321,0
17740,17781,1800,1496,-9536,-31532,3092,-512,-4238,-3691,4540,-1564,-15028,-2427,99,2578,0
17761,17801,1800,1487,-10256,-18764,3372,4461,-3734,-1868,4088,2348,-19416,-1767,1013,528,0
17780,17821,1799,1479,-17404,524,4964,5145,-3744,-3426,4496,480,-18516,-1354,1130,-2919,0
17800,17841,1799,1470,-16724,7060,6828,2160,-4920,-2565,4244,1360,-18136,-46,694,-1616,0
17820,17861,1798,1462,-21988,5240,12296,-1505,-6818,-4681,4448,-1548,-18288,-2949,2165,-3677,0
17841,17881,1797,1454,-12948,-7148,6492,-2974,-7184,-4024,4536,2440,-15964,-1427,537,-1281,0
17860,17901,1796,1445,-8708,-15772,4544,-315,-5263,-4506,5096,124,-18112,1351,-943,-2641,0
17881,17921,1795,1437,-7992,-13524,6464,1366,-4895,-2734,4744,8,-17276,-2706,393,-1368,0
17900,17941,1793,1430,-9884,-7024,6488,2114,-4359,-3673,4124,188,-16632,-1180,1217,-1413,0
17921,17961,1791,1422,-14708,-3240,-72,1090,-3448,-4541,5276,164,-18016,-1411,-715,-1195,0
17940,17981,1790,1414,-7208,-2932,2816,-810,-4039,-2183,4584,1884,-15928,-2496,1148,1727,0
17960,18001,1788,1407,1428,-10448,6224,-937,-2612,-1705,4716,2408,-17224,-1714,266,-1692,0
17980,18021,1785,1400,-8860,-13956,7296,493,558,-3699,4532,872,-17136,-1847,175,-4637,0
18000,18041,1783,1393,-19140,-8740,6532,684,-873,-1432,4764,2012,-17192,-437,602,1848,0
18020,18061,1780,1387,-32632,-6716,10024,719,-5753,-4583,4304,1160,-17532,-1367,543,-4584,0
18040,18081,1778,1381,-15876,-3836,10224,-631,-8313,-466,4568,832,-18128,-655,1172,3254,0
18060,18101,1775,1375,3264,-6336,8068,-250,-5947,-2818,4940,2112,-19236,-341,209,-4176,0
18080,18121,1771,1369,1816,-9796,6700,-124,-480,-1556,4456,448,-17336,-1122,935,-2045,0
18100,18141,1768,1364,-15616,-9588,6516,32,828,-3810,4432,1532,-17136,-2131,44,-3343,0
18120,18161,1765,1359,-26364,-8272,7696,-565,-2888,-1463,4804,2032,-18580,-563,1227,1929,0
18141,18181,1761,1354,-23412,-7580,11684,-494,-7311,-2398,4404,2164,-18848,-1481,1378,-1241,0
18160,18201,1757,1350,-5632,-10192,5680,783,-5714,-2162,4648,560,-16712,-598,-252,-2609,0
18180,18221,1753,1346,2596,-7736,6848,592,-3689,-2077,4896,1400,-17548,-386,366,-2151,0
18200,18241,1749,1343,-668,-7792,7016,148,39,-1783,4748,848,-17448,-1213,589,-524,0
18220,18261,1745,1340,-16700,-7328,6332,-615,35,-3386,4656,1172,-17376,-872,1474,-44,0
18240,18281,1740,1337,-27676,-8812,10480,-876,-3818,-2204,4812,1468,-18316,-533,542,-171,0
18260,18301,1736,1335,-15596,-9548,12288,-72,-6460,-429,5016,976,-17488,-255,-680,-262,0
18280,18321,1731,1333,3488,-10168,7936,772,-3962,-267,4600,1632,-16724,123,312,-140,0
18299,18341,1726,1332,2432,-4900,9396,126,486,-957,4588,1328,-17776,-930,248,-252,0
18320,18361,1721,1331,-11732,-3792,9148,-966,1890,-997,4756,164,-17636,-134,647,-5324,0
18340,18381,1716,1330,-20132,-9984,7376,-1343,-150,-51,2496,2072,-16712,23,102,-2372,0
18360,18401,1711,1330,-12972,-13732,7784,-599,-1880,277,4764,1348,-17452,217,53,-229,0
18380,18421,1705,1330,-3736,-11752,8740,369,-1112,390,4812,1288,-17296,-367,446,1761,0
18400,18441,1700,1331,-4856,-6884,8896,504,854,31,5036,1312,-17504,-1005,-1456,-1854,0
18420,18461,1694,1332,-13840,-4756,8540,-432,1083,-183,4796,1420,-17192,-593,-125,172,0
18440,18481,1688,1334,-16516,-7836,8032,-1326,-454,-28,4124,704,-17216,-227,1041,-583,0
18460,18501,1682,1336,-7184,-22376,6260,2062,-854,683,4412,752,-16220,-521,798,986,0
18480,18521,1676,1338,-7784,-26812,7664,6121,-507,1217,5900,2084,-16664,118,1214,766,0
18500,18541,1670,1341,-7040,-17436,9692,10513,529,905,4796,2648,-16432,-462,-864,1358,0
18520,18561,1664,1344,-13964,4800,8816,8605,515,719,4792,1648,-18388,-493,-58,-220,0
18540,18581,1658,1348,-7300,10660,9636,5802,795,283,5400,1248,-17468,-227,-480,-144,0
18560,18601,1651,1352,-13188,3376,9088,576,-210,-323,4320,1604,-17424,-1138,663,-377,0
18580,18621,1645,1356,-8116,-6500,12448,-497,-691,-495,5500,1304,-16672,-383,173,6,0
18599,18641,1638,1361,-9924,-15816,9436,758,385,1092,4252,2356,-16604,-308,-438,-850,0
18620,18661,1631,1366,-9200,-8892,8372,1149,1209,957,4852,1356,-17164,153,21,-492,0
18639,18681,1624,1372,-8504,-2028,9816,481,1385,1629,4604,-656,-17628,-420,-235,-423,0
18660,18701,1617,1378,-4556,-15132,8280,2225,1918,1607,5744,2588,-18648,-320,-55,219,0
18680,18721,1610,1384,-9256,-25072,10700,5625,2438,4201,5000,2064,-17252,-358,-1395,-306,0
18700,18741,1603,1390,-11884,-21664,6756,10949,3140,2191,5060,1444,-16396,-1252,-445,-424,0
18720,18761,1596,1397,-10872,3328,10952,10113,3153,4383,4808,1144,-19332,916,-2907,-44,0
18740,18781,1589,1404,-10088,15816,10232,5450,3263,-543,4924,3032,-19036,-876,-649,3393,0
18760,18801,1582,1411,-4380,14732,6024,-369,3819,2374,4464,528,-16172,583,6,2489,0
18780,18821,1575,1418,-6600,3800,11012,-3310,5955,3680,5436,3224,-17908,-385,-32,-2779,0
18800,18841,1567,1426,-10736,-11404,8036,-5446,6072,1977,4504,-772,-17300,-761,-113,-3447,0
18820,18861,1560,1433,-10412,-18996,9412,-1189,8247,4286,4600,1272,-16668,-122,-11,435,0
18840,18881,1553,1441,-31040,-32768,6240,6631,4094,121,4556,1552,-16548,-1094,1679,1952,0
18861,18901,1545,1450,-20048,-26232,5252,12678,-3086,5785,4260,-484,-16884,2503,-1102,-2315,0
18880,18921,1538,1458,-5276,392,8580,15841,-939,2625,6240,316,-17640,415,-284,7433,0
18899,18941,1530,1466,-3992,12308,9168,11488,1712,-2265,5068,356,-17520,186,-393,-9440,0
18920,18961,1523,1474,4848,12468,7192,5536,3257,1243,4328,2480,-17780,-101,641,11232,0
18939,18981,1515,1483,3348,17796,15468,207,9613,4289,5080,1440,-17040,-200,-1974,-3996,0
18960,19001,1508,1491,-10120,3308,6900,-3026,11895,1036,4188,1332,-14732,-2349,-1202,-2263,0
18980,19021,1500,1500,-10328,-2044,2604,-1940,21840,5826,5040,1224,-19972,822,-614,682,0
19000,19041,1492,1509,-32768,-26908,8784,-1181,5658,-4606,4248,572,-15972,-2047,752,-3594,0
19020,19061,1485,1517,-32768,-29680,2824,5449,-7679,3784,4708,2848,-18248,4778,21,1764,0
19040,19081,1477,1526,3516,-18392,13336,11982,-8712,2841,4852,-2392,-17752,-134,-2206,-3403,0
19060,19101,1470,1534,24292,-2296,3636,11705,1958,-667,4800,-2236,-18700,-1923,535,-2697,0
19080,19121,1462,1542,24808,18824,7308,9301,11555,2044,5352,3860,-17744,-397,-1194,7017,0
19100,19141,1455,1550,-12132,8324,2608,2209,14614,1823,5052,3204,-17256,758,2447,-6861,0
19120,19161,1447,1559,-9560,19556,-4684,-5369,14291,3684,4688,-1836,-16944,828,-1284,1249,0
19140,19181,1440,1567,-32768,-6404,3844,-5724,8945,-2587,4872,1788,-19536,-730,4134,2887,0
19160,19201,1433,1574,-32768,-21900,1524,-3627,-552,1825,5200,2672,-18224,3190,947,3286,0
19180,19221,1425,1582,-10528,-28316,11252,6629,-3265,6819,4424,-1340,-14396,1516,235,7985,0
19200,19241,1418,1589,1892,-28504,1532,13220,333,715,4464,1368,-20820,-1920,1419,-6851,0
19220,19261,1411,1596,756,5776,8908,15013,4540,1202,4916,608,-13064,-1859,-743,-31,0
19239,19281,1404,1603,-7320,14684,7296,12263,9287,1599,5192,2572,-16880,-1928,-232,-2256,0
19260,19301,1397,1610,-12500,26100,4392,5050,9025,1781,4916,2812,-19160,1445,1430,3363,0
19280,19321,1390,1616,-25764,25444,18760,-1739,9851,1501,3628,-168,-15864,609,736,2588,0
19300,19341,1383,1622,-32768,-8708,768,-4382,4727,-2619,5544,2968,-14660,1068,4419,-1711,0
19320,19361,1376,1628,-27872,-1444,5580,-5023,-3102,5513,5124,-1284,-17608,2728,561,142,0
19340,19381,1369,1634,-2020,-17992,1004,376,-1274,1648,6204,-152,-21476,592,2160,9993,0
19359,19401,1362,1639,3164,-26376,1360,4732,1242,1186,3980,1504,-17580,-1146,-242,-5709,0
19380,19421,1355,1644,5536,-2084,3084,8349,6276,2813,-5952,1868,-11024,-2846,-10897,819,0
19399,19441,1349,1648,-8260,11300,4504,5802,8469,-881,9464,2440,-21976,-1642,832,-2421,0
19420,19461,1342,1652,-10112,10828,5332,3635,9315,1883,1040,1480,-15448,2362,300,6319,0
19439,19481,1336,1656,-32768,8236,3068,-1794,7451,501,4576,268,-18812,-211,937,-1684,0
19460,19501,1330,1659,-32768,-6208,2980,-94,-1152,-2637,4972,1040,-17832,269,1670,-665,0
19480,19521,1324,1662,-20068,-19836,1984,3529,-8566,4181,5208,-104,-21292,1126,1019,5642,0
19500,19541,1318,1664,13272,-13876,5204,8312,-4109,590,5192,568,-17812,-1473,-185,-3059,0
19519,19561,1312,1666,9432,9116,5008,7745,4268,2463,5356,460,-18216,-2461,1,-6706,0
19539,19581,1306,1668,-20520,12116,2192,4400,5679,-337,5168,2032,-16748,-1743,426,-1644,0
19560,19601,1300,1669,-25084,16076,4056,-1061,1981,258,4524,2152,-19216,1205,1128,2362,0
19579,19621,1295,1670,-13648,-6760,2412,-1934,960,-1370,5832,1604,-17812,2774,1183,6113,0
19600,19641,1289,1670,-12564,-18696,7964,482,1682,499,3324,940,-17920,99,-1590,1260,0
19619,19661,1284,1670,-17688,-25816,1620,7329,2378,2924,972,1352,-14940,-5105,-2393,-1486,0
19640,19681,1279,1669,-21016,-2828,700,10266,1421,1330,5672,1304,-18936,-1849,235,-7477,0
19659,19701,1274,1668,-18140,7680,2220,9159,4,-174,3448,3636,-16592,-2496,-787,4465,0
19680,19721,1269,1667,-12972,13408,2836,3968,-630,935,5432,28,-16884,1200,561,-7890,0
19699,19741,1264,1665,-13792,20580,6548,-913,118,-232,5068,1260,-17144,-326,53,-71,0
19720,19761,1260,1663,-16620,4316,4812,-4339,132,-1112,5016,2104,-17680,632,1183,2815,0
19739,19781,1255,1660,-13788,-15372,1312,-2696,60,76,5004,3184,-17496,1610,1753,5256,0
19760,19801,1251,1657,-14660,-21724,5776,1564,-182,1742,3036,-172,-16872,-1653,-2028,-3261,0
19780,19821,1247,1654,-17620,-12788,2820,7416,-225,1389,5096,280,-18972,-2023,-337,-3196,0
19800,19841,1243,1650,-28024,6100,3600,6246,-2408,987,5232,1032,-17744,-3175,-1806,2178,0
19820,19861,1239,1646,-18504,8204,3480,6513,-4204,1355,4924,1968,-17368,-191,-1852,1744,0
19840,19881,1235,1641,-11752,6216,4684,1913,-5497,1151,4056,2788,-18124,-512,680,-5692,0
19860,19901,1232,1636,-8356,10844,3492,-768,-3931,-1256,4684,-476,-17044,324,-12,485,0
19879,19921,1229,1631,-11136,-436,6016,-2782,-2147,91,744,2408,-14936,-474,3157,-8967,0
19900,19941,1225,1625,-18088,-5188,4280,-1996,-2039,146,4252,-416,-17540,-2305,1028,1272,0
19919,19961,1222,1619,-24216,-9312,4584,140,-1971,1544,4088,3620,-19192,-623,1395,-2328,0
19940,19981,1220,1613,-5840,-15104,5568,4167,-3979,813,5100,1780,-17380,-76,1729,441,0
19959,20001,1217,1607,-1504,-17280,5276,7850,-863,1899,4700,1524,-20312,-387,17,-1837,0
19980,20021,1215,1600,-19984,-4984,4400,12034,1748,2345,5512,600,-15324,-1744,-2495,-4377,0
19999,20041,1212,1593,-32768,6828,4996,8843,-6279,810,6408,332,-18472,-2202,-394,-645,0
20020,20061,1210,1586,-19884,18696,6560,5523,-8897,-890,3632,3664,-16164,-1727,-757,-3265,0
20039,20081,1209,1578,-2360,15816,8316,-832,-7416,-548,4784,2000,-18464,-355,727,-318,0
20060,20101,1207,1570,-2172,4372,5388,-4022,-2678,-702,4540,1952,-16320,-162,295,-157,0
20079,20121,1205,1563,-16884,-744,6964,-4402,-789,980,4696,1688,-17512,-212,737,-126,0
20100,20141,1204,1555,-23740,-9156,6520,-2794,-2493,959,4832,2072,-17292,-732,-30,-148,0
20120,20161,1203,1546,-23176,-11896,6524,-372,-5503,602,4712,1700,-17320,-406,-1150,-378,0
20140,20181,1202,1538,-10780,-4768,8000,1606,-5973,446,6756,752,-18196,-554,576,-2435,0
20160,20201,1201,1530,-11268,2268,7196,1531,-5073,1297,4744,1672,-17492,3271,3543,3327,0
20179,20221,1201,1521,-21332,2820,10748,-79,-6118,-196,5036,2292,-17448,-689,-1259,761,0
20200,20241,1200,1513,-19072,512,10340,-1044,-7008,-259,4788,1944,-17060,-647,394,-4991,0
20219,20261,1200,1504,-12396,-3160,5768,-496,-5640,627,4236,1244,-17264,-7,254,2501,0
20240,20281,1200,1496,-16844,-5844,8928,720,-5975,944,4820,2208,-17840,-93,-134,229,0
20259,20301,1200,1487,-9976,608,6592,1178,-5883,379,4784,1872,-16712,64,390,-377,0
20279,20321,1201,1479,-4188,4144,7612,478,-3044,684,4656,1848,-17364,-408,-369,-292,0
20299,20341,1201,1470,-16084,1492,10400,-1097,-2198,643,4928,1640,-17280,204,617,-213,0
20320,20361,1202,1462,-26668,-4452,5956,-550,-4130,999,4724,1540,-17448,-477,-528,-259,0
20339,20381,1203,1454,-21188,-5236,7660,647,-8427,303,5032,1920,-16876,-276,438,62,0
20360,20401,1204,1445,-2560,-728,8592,1053,-7651,117,4724,2080,-17876,-349,211,-60,0
20379,20421,1205,1437,-7080,2200,11256,578,-2003,2002,4568,1464,-16892,-72,-19,-224,0
20400,20441,1207,1430,-19580,1392,9324,-279,-3730,1163,4824,1616,-17524,-483,-241,-94,0
20419,20461,1209,1422,-21340,-708,5736,-446,-6995,433,4944,1720,-17036,-110,372,-94,0
20440,20481,1210,1414,-8584,-1552,3732,259,-8196,365,4736,1804,-17256,-658,-130,347,0
20459,20501,1212,1407,-2148,1340,4948,597,-6844,915,4792,1408,-17580,-194,-204,-19,0
20480,20521,1215,1400,-5800,3820,2780,1044,-2599,2866,4936,1328,-19176,-159,765,313,0
20499,20541,1217,1393,-10852,3020,9816,157,-4356,661,4856,1420,-17256,-374,-464,-478,0
20519,20561,1220,1387,-11988,444,11708,-315,-4600,580,4756,2124,-17324,-184,204,1677,0
20539,20581,1222,1381,-7052,-4,10872,-437,-2915,122,4552,1704,-18464,55,-56,-2165,0
20559,20601,1225,1375,-12676,-192,6708,-18,-2250,1967,5248,1736,-17256,318,383,2108,0
20580,20621,1229,1369,-29864,-3184,12304,428,-6998,-119,4892,2004,-14624,630,-1067,-259,0
20599,20641,1232,1364,-14140,1872,10704,510,-8929,233,4524,964,-16268,-426,-632,1368,0
20619,20661,1235,1359,4796,2904,12652,69,-4896,121,4572,3032,-15616,141,88,-120,0
20639,20681,1239,1354,-3508,-1748,17660,-598,-1371,144,5276,920,-17272,-58,-195,20,0
20660,20701,1243,1350,-22040,-1944,11208,-244,119,1310,4804,1808,-17840,-78,240,1192,0
20679,20721,1247,1346,-29408,-1268,12876,404,-4691,943,4800,1176,-16944,251,287,386,0
20700,20741,1251,1343,-4400,1768,9744,346,-6487,-470,4900,1008,-17812,-667,-346,-412,0
20719,20761,1255,1340,7396,2216,13392,-351,-2082,138,4872,1888,-17608,-64,192,869,0
20740,20781,1260,1337,-13988,-1008,14348,-900,-438,569,4992,1436,-16912,-47,-485,257,0
20759,20801,1264,1335,-28632,1032,1864,33,-1337,2083,4444,2628,-16368,33,255,1761,0
20780,20821,1269,1333,-16760,204,12024,215,-7799,-841,4844,500,-17372,-503,-327,-1291,0
20799,20841,1274,1332,7716,2760,11752,151,-4028,-2,4864,2204,-17352,-137,488,1189,0
20819,20861,1279,1331,5032,764,11684,-384,1208,777,4936,924,-17284,-861,336,-388,0
20839,20881,1284,1330,-15972,368,11592,-511,1993,821,4960,1756,-17876,-41,-348,-4,0
20859,20901,1289,1330,-23780,-528,11084,-152,-1054,36,4884,940,-17136,254,-263,-694,0
20879,20921,1295,1330,-7736,748,11952,-227,-2650,-566,4864,1364,-17144,-534,364,-263,0
20898,20941,1300,1331,632,660,12436,-567,200,81,4824,1500,-17500,-631,508,738,0
20919,20961,1306,1332,-11556,-160,12172,-463,2010,408,4936,1452,-17824,-336,-575,-720,0
20939,20981,1312,1334,-20508,-900,11140,-130,170,260,4828,1008,-17456,-185,78,-40,0
20960,21001,1318,1336,-12900,548,11484,-165,-1870,-351,4772,1540,-17356,-311,821,-592,0
20979,21021,1324,1338,-3372,1520,12432,-416,-717,-135,4816,1396,-17288,-330,179,-88,0
20999,21041,1330,1341,-7660,124,12052,-542,1162,316,4800,1504,-17392,-670,322,-62,0
21019,21061,1336,1344,-16680,-1216,11376,-301,540,210,4848,1540,-17516,-259,111,-134,0
21040,21081,1342,1348,-14796,-32,11660,-84,-1169,-195,5300,1676,-18088,-835,1348,-290,0
21060,21101,1349,1352,-10308,15056,14580,-3092,-2085,-259,5840,1512,-19744,-569,-1114,830,0
21080,21121,1355,1356,-7000,12848,12796,-7065,-644,-2212,4904,1908,-19472,-1127,476,-2996,0
21099,21141,1362,1361,-8060,12528,10652,-12038,-4,28,5072,832,-18112,-361,868,858,0
21120,21161,1369,1366,-7640,5028,9148,-15683,-172,-1299,5460,2048,-15212,256,-586,-1718,0
21140,21181,1376,1372,-9312,-11896,12304,-12262,1779,803,5568,2600,-18008,1264,1259,3181,0
21159,21201,1383,1378,-5872,-32636,7020,-8666,2020,3252,4136,-1420,-15564,-989,-2136,-427,0
21180,21221,1390,1384,-5508,-24848,15212,1207,3534,-556,4784,4800,-17316,-454,-1389,1890,0
21199,21241,1397,1390,-14808,-13396,14408,6989,4402,2508,5096,-268,-19380,834,663,-1351,0
21220,21261,1404,1397,-9968,14172,13092,4908,5482,-1271,6052,304,-19024,-2693,-1148,-881,0
21239,21281,1411,1404,-11684,14888,6144,-90,5627,-2682,5752,5276,-20796,-2082,1134,-2695,0
21260,21301,1418,1411,-17552,22624,14112,-6960,3728,1626,4816,592,-17552,1282,1117,2077,0
21279,21321,1425,1418,-21084,1468,9048,-11641,1779,-3377,5168,1152,-17144,-963,1711,-5182,0
21300,21341,1433,1426,-15888,2400,8568,-13165,1947,-445,5464,1860,-19180,492,1347,2648,0
21319,21361,1440,1433,-7028,-8020,13220,-11623,1605,1651,6108,2044,-19028,-436,101,3034,0
21340,21381,1447,1441,-8768,-11964,5920,-9468,2833,-216,5452,1236,-21024,-956,-1410,-2259,0
21359,21401,1455,1450,-5152,-20888,8804,-4962,4223,-235,5172,2132,-17660,-573,171,854,0
21380,21421,1462,1458,-4920,-824,7684,-4632,6646,1563,4440,1476,-18316,915,245,2897,0
21399,21441,1470,1466,-7216,3400,7892,-3246,7206,-759,5276,2804,-18720,-1410,-1832,-2226,0
21420,21461,1477,1474,-9764,-13616,4804,-4064,7879,1643,4392,1424,-15044,1164,1377,-1779,0
21440,21481,1485,1483,-32768,-15068,14568,-1722,3692,-1226,4796,-584,-16552,-1924,533,776,0
21459,21501,1492,1491,-32556,2784,11456,-982,-1147,1008,4660,3624,-18264,761,-244,3469,0
21480,21521,1500,1500,-7328,8504,13892,-3564,-2245,-2792,5048,332,-17372,-1161,1570,-3473,0
21499,21541,1508,1509,-4044,13868,15116,-8264,151,-363,4932,2240,-20520,808,32,667,0
21519,21561,1515,1517,17660,-2988,10012,-9341,6390,47,4708,844,-17628,-858,474,1516,0
21539,21581,1523,1526,-5248,-8100,7044,-11045,12491,2485,4144,1408,-18340,449,-118,230,0
21560,21601,1530,1534,-4748,-19172,1920,-6910,14561,1659,4004,960,-17488,-507,883,2565,0
21579,21621,1538,1542,-32768,-23560,13312,-4023,11185,840,4500,1392,-17092,-228,215,-3013,0
21600,21641,1545,1550,-32768,-12528,10764,1649,-2219,516,5176,2940,-18152,600,-747,2981,0
21619,21661,1553,1559,-10768,772,4184,138,-8350,1810,4560,-936,-16516,1676,117,1972,0
21640,21681,1560,1567,10504,6848,7184,-501,-2065,-3221,5136,1532,-17816,-2262,1193,-1709,0
21659,21701,1567,1574,-4492,13292,10464,-5612,4809,1984,4928,1460,-18200,580,-1072,2209,0
21680,21721,1575,1582,-1444,9504,400,-8970,5711,-1193,5916,2160,-20652,-1167,188,1431,0
21699,21741,1582,1589,-5772,-3700,2364,-13170,9652,1726,4600,3316,-18944,2978,2851,4839,0
21720,21761,1589,1596,-8260,-6800,3336,-12578,10029,1277,4552,92,-18524,1856,3008,7608,0
21740,21781,1596,1603,-13752,-14012,6812,-11539,10846,4721,4400,1592,-18900,2424,1669,5176,0
21760,21801,1603,1610,-32768,-28332,4284,-5168,5758,-1316,5004,-180,-19036,-528,1247,-458,0
21779,21821,1610,1616,-32768,-26588,2520,1401,-1029,3449,3664,392,-16440,1534,-2684,3914,0
21799,21841,1617,1622,-6912,-9700,3768,5053,-2332,2373,3916,1400,-22660,-362,-661,-4448,0
21819,21861,1624,1628,-4612,12448,4316,2009,820,-2075,4172,132,-18176,-2841,-787,-848,0
21839,21881,1631,1634,-5612,14996,4744,-2854,2478,2517,4508,4180,-19112,1888,555,2956,0
21859,21901,1638,1639,-11860,24408,8436,-12242,3516,479,4148,-2112,-19280,743,601,639,0
21879,21921,1645,1644,-7484,4000,1036,-15604,6043,-1058,4540,2304,-19680,2292,1761,11628,0
21900,21941,1651,1648,-11120,-5640,9604,-15142,6894,3122,5376,1384,-16288,2245,-316,6512,0
21919,21961,1658,1652,-14964,-32768,-3528,-8994,6959,3585,1132,3656,-14080,-1201,1693,-152,0
21940,21981,1664,1656,-32768,-32768,-1064,-723,3566,-2842,3684,-2992,-15056,-3910,734,-8111,0
21959,22001,1670,1659,-32768,-11436,6048,6161,-4308,3401,4916,-1456,-15196,808,-4554,369,0
21980,22021,1676,1662,-10380,10692,7504,6497,-5322,-12,4696,1384,-16804,-2818,-2513,1934,0
21999,22041,1682,1664,7924,17208,1732,2460,-1488,-47,3908,5704,-16220,-1867,942,345,0
22019,22061,1688,1666,-8688,16664,-28,-8308,3069,1242,2952,-432,-18028,924,1543,-5072,0
22039,22081,1694,1668,-3912,11024,4208,-11305,3532,-1959,4212,1676,-16716,-520,1204,13811,0
22060,22101,1700,1669,-12052,-8808,1520,-13171,6255,3164,3660,2988,-16524,3780,1556,-1867,0
22079,22121,1705,1670,-8096,-5452,1672,-11534,7216,5687,356,1044,-9756,741,-6031,2019,0
22099,22141,1711,1670,-28076,-15724,7844,-9441,6544,2542,3088,-3896,-12580,-2748,-7096,6380,0
22120,22161,1716,1670,-32768,-24212,-1180,-3364,2908,-2860,4492,3852,-18132,-424,-13,2190,0
22139,22181,1721,1669,-32768,-21956,-1456,1073,-4000,2677,4180,-508,-16408,1839,-2241,-4245,0
22159,22201,1726,1668,-9148,-5624,1760,3905,-6136,1587,6404,-788,-16280,92,1031,1452,0
22179,22221,1731,1667,3440,11488,3760,1082,-1891,-529,4096,-1004,-17348,-2243,2877,6548,0
22199,22241,1736,1665,-2612,19084,4184,-4314,2354,-754,7068,-556,-20764,-738,-877,1767,0
22219,22261,1740,1663,-17964,4092,3136,-7824,2714,-1620,5128,960,-17512,159,-51,-1318,0
22239,22281,1745,1660,-22296,-11000,1484,-6552,1900,232,3364,-540,-17436,-744,46,1647,0
22259,22301,1749,1657,-21928,-26620,-3468,-4095,-1365,-80,4612,-1408,-17904,-121,-1790,3545,0
22279,22321,1753,1654,-14636,-17952,2344,635,-1911,338,4028,-452,-17960,-555,-435,-1098,0
22299,22341,1757,1650,-22388,-968,7264,2972,-1950,-1128,3804,-280,-16820,-841,-2153,-2835,0
22320,22361,1761,1646,-21020,6268,-1564,2091,-2673,-2400,3844,1872,-17716,-1000,-414,-6772,0
22339,22381,1765,1641,-29464,2248,6756,-858,-7249,-3081,3940,-956,-19988,-1859,2673,-2772,0
22360,22401,1768,1636,-15400,-5804,3068,-2122,-9397,-2701,4136,-624,-18292,-1171,77,-3638,0
22379,22421,1771,1631,-4572,-1812,1896,-2775,-6462,-2582,3964,-488,-17552,-295,1241,1507,0
22400,22441,1775,1625,520,10416,6060,-6131,-2366,-1118,4012,-332,-17496,-730,48,1536,0
22419,22461,1778,1619,-17228,6296,4700,-9791,-37,-3847,3948,860,-19604,-1084,358,-2950,0
22439,22481,1780,1613,-21996,-15548,-1604,-9295,-741,-3701,4040,104,-15412,1372,-980,1855,0
22460,22501,1783,1607,-23776,-32480,-2124,-5114,-3661,-1507,3540,-592,-16992,-901,2117,-2067,0
22479,22521,1785,1600,-15008,-23980,3224,1242,-5664,-1202,3632,72,-18312,-1159,398,521,0
22499,22541,1788,1593,-9460,-7852,4120,5688,-4224,-952,4008,796,-18388,-291,-547,-1191,0
22519,22561,1790,1586,-4408,5636,5084,3860,-2260,-432,4060,-252,-17868,-127,32,-2525,0
22539,22581,1791,1578,-13048,7996,3484,542,360,-2840,4284,-1012,-16596,-1789,1240,-2863,0
22559,22601,1793,1570,-22804,2988,5152,-2912,-1689,-2599,3700,668,-18388,-976,1920,117,0
22580,22621,1795,1563,-25148,-13592,-1828,-2263,-5061,-3787,3764,672,-17180,-1302,1236,-3276,0
22599,22641,1796,1555,-14544,-16732,2028,-274,-6707,-1429,3436,-472,-17888,400,866,418,0
22619,22661,1797,1546,-3336,-9720,4112,2250,-5636,-1965,3996,604,-16436,-1430,149,-1753,0
22639,22681,1798,1538,-2240,548,5068,1490,-2181,-655,3956,384,-17420,-858,1256,130,0
22660,22701,1799,1530,-22800,15872,8696,-2424,-913,-3499,4292,448,-16068,-2318,-1186,-2402,0
22679,22721,1799,1521,-25784,9368,1996,-7540,-1986,-2878,3784,408,-20044,560,1809,108,0
22700,22741,1800,1513,-20912,-7344,2920,-9975,-6518,-5013,3932,-956,-16608,-1288,1810,797,0
22719,22761,1800,1504,-8204,-25888,2056,-6604,-5361,-1148,3900,-56,-15892,-1125,-64,-656,0
22739,22781,1800,1496,-8956,-29552,5928,-790,-4169,-3714,3916,796,-20716,-1622,1495,-1954,0
22759,22801,1800,1487,-13388,-16976,7028,4503,-3421,-2334,4332,1732,-19976,-961,-560,-2021,0
22779,22821,1799,1479,-24520,-472,8248,5056,-4870,-3847,4304,-504,-19164,-1602,533,-4413,0
22799,22841,1799,1470,-13440,7172,6728,2058,-6076,-1833,4440,380,-19264,872,1295,2115,0
22819,22861,1798,1462,-14644,4276,8668,-652,-5706,-5426,-2608,6164,-29368,-2909,-3824,-10602,0
22839,22881,1797,1454,-15864,-7524,7564,-2886,-5670,-4183,4148,1284,-15616,-2004,519,3277,0
22859,22901,1796,1445,-10284,-13996,6024,-687,-4355,-3698,3940,1488,-17828,-1926,18,-2870,0
22880,22921,1795,1437,-14668,-12440,11376,1649,-4728,-3463,5388,564,-17588,-855,-1248,-695,0
22899,22941,1793,1430,-13276,-6948,7864,2187,-4136,-2882,4036,880,-16628,-4242,1359,1824,0
22919,22961,1791,1422,-12300,1632,9884,999,-4043,-2955,4472,3492,-19284,-1193,1293,-1450,0
22939,22981,1790,1414,-11100,-3388,6628,-874,-3908,-3136,4460,-840,-18428,-1392,491,-3501,0
22959,23001,1788,1407,-5608,-7908,11164,-1627,-3140,-627,4560,1616,-18928,-264,784,-624,0
22979,23021,1785,1400,-11204,-13068,6512,97,-760,-3142,4688,-808,-17156,-2600,444,-3954,0
22999,23041,1783,1393,-17008,-9728,6268,691,-1392,-786,4616,2616,-16940,-142,313,-78,0
23019,23061,1780,1387,-25720,-6812,6896,1600,-3768,-4908,4752,460,-17776,-974,455,-3919,0
23040,23081,1778,1381,-17316,-4736,10152,-52,-6958,-1093,4356,1364,-20224,726,1223,1266,0
23059,23101,1775,1375,-2096,-6980,9412,-565,-7162,-3374,4808,864,-17928,-1699,45,-2119,0
23078,23121,1771,1369,1524,-9488,10176,-422,-1913,-339,4596,832,-18068,-1072,1111,-499,0
23099,23141,1768,1364,-10792,-9496,4720,5,-17,-4364,4300,992,-17424,-2222,-297,-3723,0
23119,23161,1765,1359,-24916,-7688,9624,-545,-2505,-980,4356,1544,-16972,-660,674,1904,0
23139,23181,1761,1354,-22824,-8624,5088,240,-5601,-4568,4556,2392,-18568,-433,-270,-3117,0
23159,23201,1757,1350,-8920,-10496,6060,467,-6518,-1409,4560,172,-16500,-736,-256,951,0
23179,23221,1753,1346,5652,-6772,11704,682,-3823,-1604,4480,2164,-17432,-576,631,261,0
23199,23241,1749,1343,-288,-6884,10128,-186,-95,-1530,4464,968,-18396,-1060,795,-589,0
23219,23261,1745,1340,-16592,-7072,6116,-682,925,-2585,4844,676,-17380,-1090,1325,213,0
23239,23281,1740,1337,-27940,-10464,7536,-854,-3431,-2270,4188,-1040,-19844,2028,1797,-1915,0
23259,23301,1736,1335,-11800,-12256,4092,167,-5063,-1409,3264,3812,-16796,-146,-178,5247,0
